7.1053,WARNING,Import,Error:,No,module,named,'psychtoolbox'.,Using,event,module,for,keyboard,component.,,,,,,,,,,,,,,,,,,,,,,,,,,,,,,,,,,,,,
33.3179,WARNING,Monitor,specification,not,found.,Creating,a,temporary,one...,,,,,,,,,,,,,,,,,,,,,,,,,,,,,,,,,,,,,,,,,
33.3219,WARNING,User,requested,fullscreen,with,size,[800,"600],",but,screen,is,actually,"[1920,",1080].,Using,actual,size,,,,,,,,,,,,,,,,,,,,,,,,,,,,,,,,,
33.8726,EXP,Created,window1,=,"Window(allowGUI=True,","allowStencil=False,","autoLog=True,","backendConf=UNKNOWN,","bitsMode=UNKNOWN,","blendMode='avg',","bpc=(8,","8,","8),","color=array([-1,","-1,","-1]),","colorSpace='rgb',","depthBits=8,",fullscr=<method-wrapper,'__getattribute__',of,attributeSetter,object,at,"0x000002C48E1F15B0>,","gamma=None,","gammaErrorPolicy='raise',","lms=UNKNOWN,",monitor=<psychopy.monitors.calibTools.Monitor,object,at,"0x000002C48F928520>,","multiSample=False,","name='window1',","numSamples=2,","pos=(0,","0),","screen=0,","size=array([1920,","1080]),","stencilBits=0,","stereo=False,","units='pix',","useFBO=False,","useRetina=False,","viewOri=0.0,","viewPos=None,","viewScale=None,","waitBlanking=True,",winType='pyglet')
33.8727,EXP,window1:,mouseVisible,=,TRUE,,,,,,,,,,,,,,,,,,,,,,,,,,,,,,,,,,,,,,,,,,,,,
33.9237,EXP,Created,unnamed,ImageStim,=,ImageStim(__class__=<class,"'psychopy.visual.image.ImageStim'>,","anchor=('center',","'center'),","autoLog=True,","color=array([1.,","1.,","1.]),","colorSpace='rgb',","contrast=1.0,","depth=0,","flipHoriz=False,","flipVert=False,","image=None,","interpolate=False,","mask=None,","maskParams=None,",name='unnamed,"ImageStim',","opacity=1.0,","ori=0.0,","pos=array([0.,","0.]),","size=array([756.,","756.]),","texRes=128,","units='pix',",win=Window(...)),,,,,,,,,,,,,,,,,
33.9747,EXP,Created,unnamed,TextStim,=,TextStim(__class__=<class,"'psychopy.visual.text.TextStim'>,","alignHoriz=method-wrapper(...),","alignText='center',","alignVert=method-wrapper(...),","anchorHoriz='center',","anchorVert='center',","antialias=True,","autoDraw=False,","autoLog=True,","bold=False,","color=array([1,","1,","1]),","colorSpace='rgb',","contrast=1.0,","depth=0,","flipHoriz=False,","flipVert=False,",font='Malgun,"Gothic',","fontFiles=[],","height=70.0,","italic=False,","languageStyle='LTR',",name='unnamed,"TextStim',","opacity=1.0,","ori=0.0,","pos=array([0.,","0.]),","rgb=UNKNOWN,","text='START',","units='pix',","win=Window(...),",wrapWidth=500),,,,,,,,,
33.9765,EXP,Created,unnamed,TextStim,=,TextStim(__class__=<class,"'psychopy.visual.text.TextStim'>,","alignHoriz=method-wrapper(...),","alignText='center',","alignVert=method-wrapper(...),","anchorHoriz='center',","anchorVert='center',","antialias=True,","autoDraw=False,","autoLog=True,","bold=False,","color=array([1,","1,","1]),","colorSpace='rgb',","contrast=1.0,","depth=0,","flipHoriz=False,","flipVert=False,",font='Malgun,"Gothic',","fontFiles=[],","height=70.0,","italic=False,","languageStyle='LTR',",name='unnamed,"TextStim',","opacity=1.0,","ori=0.0,","pos=array([0.,","0.]),","rgb=UNKNOWN,","text='+',","units='pix',","win=Window(...),",wrapWidth=500),,,,,,,,,
33.9883,EXP,Created,unnamed,TextStim,=,TextStim(__class__=<class,"'psychopy.visual.text.TextStim'>,","alignHoriz=method-wrapper(...),","alignText='center',","alignVert=method-wrapper(...),","anchorHoriz='center',","anchorVert='center',","antialias=True,","autoDraw=False,","autoLog=True,","bold=False,","color=array([1,","1,","1]),","colorSpace='rgb',","contrast=1.0,","depth=0,","flipHoriz=False,","flipVert=False,",font='Malgun,"Gothic',","fontFiles=[],","height=70.0,","italic=False,","languageStyle='LTR',",name='unnamed,"TextStim',","opacity=1.0,","ori=0.0,","pos=array([0.,","0.]),","rgb=UNKNOWN,",text='留덉슦?ㅻ줈,"?묐떟?댁＜?몄슂',","units='pix',","win=Window(...),",wrapWidth=500),,,,,,,,
33.9899,EXP,Created,unnamed,TextStim,=,TextStim(__class__=<class,"'psychopy.visual.text.TextStim'>,","alignHoriz=method-wrapper(...),","alignText='center',","alignVert=method-wrapper(...),","anchorHoriz='center',","anchorVert='center',","antialias=True,","autoDraw=False,","autoLog=True,","bold=False,","color=array([1,","1,","1]),","colorSpace='rgb',","contrast=1.0,","depth=0,","flipHoriz=False,","flipVert=False,",font='Malgun,"Gothic',","fontFiles=[],","height=70.0,","italic=False,","languageStyle='LTR',",name='unnamed,"TextStim',","opacity=1.0,","ori=0.0,","pos=array([0.,","0.]),","rgb=UNKNOWN,","text='END',","units='pix',","win=Window(...),",wrapWidth=500),,,,,,,,,
33.9899,EXP,Added,new,global,key,event:,escape,,,,,,,,,,,,,,,,,,,,,,,,,,,,,,,,,,,,,,,,,,,
33.99,EXP,window1:,mouseVisible,=,TRUE,,,,,,,,,,,,,,,,,,,,,,,,,,,,,,,,,,,,,,,,,,,,,
118.4469,DATA,Keypress:,space,,,,,,,,,,,,,,,,,,,,,,,,,,,,,,,,,,,,,,,,,,,,,,,
119.4465,WARNING,RCS,Didn't,receive,expected,response,from,RCS,to,the,message,b'AN:start;START\r'.,Current,stack,of,recent,responses:['AN:Error:Recorder,is,not,active.'].,,,,,,,,,,,,,,,,,,,,,,,,,,,,,,
130.3696,WARNING,RCS,recordingState,not,achieved:,expected,states,['Idle'],but,state,is,Monitoring,,,,,,,,,,,,,,,,,,,,,,,,,,,,,,,,,,,,,,
130.6515,EXP,unnamed,ImageStim:,image,=,'stimuli-ha-sa\\incong-cong-HA\\cong-ha-14.png',,,,,,,,,,,,,,,,,,,,,,,,,,,,,,,,,,,,,,,,,,,,
131.4721,DATA,Keypress:,space,,,,,,,,,,,,,,,,,,,,,,,,,,,,,,,,,,,,,,,,,,,,,,,
131.4736,DATA,Keypress:,space,,,,,,,,,,,,,,,,,,,,,,,,,,,,,,,,,,,,,,,,,,,,,,,
131.4754,DATA,Keypress:,space,,,,,,,,,,,,,,,,,,,,,,,,,,,,,,,,,,,,,,,,,,,,,,,
131.4761,DATA,Mouse:,Left,button,"down,","pos=(966,558)",,,,,,,,,,,,,,,,,,,,,,,,,,,,,,,,,,,,,,,,,,,,
131.4763,DATA,Mouse:,Left,button,"up,","pos=(966,558)",,,,,,,,,,,,,,,,,,,,,,,,,,,,,,,,,,,,,,,,,,,,
135.4954,DATA,Mouse:,Left,button,"down,","pos=(1122,526)",,,,,,,,,,,,,,,,,,,,,,,,,,,,,,,,,,,,,,,,,,,,
140.1529,DATA,Mouse:,Left,button,"up,","pos=(1122,526)",,,,,,,,,,,,,,,,,,,,,,,,,,,,,,,,,,,,,,,,,,,,
140.3953,EXP,unnamed,ImageStim:,image,=,'stimuli-ha-sa\\incong-cong-SA\\cong-sa-31.png',,,,,,,,,,,,,,,,,,,,,,,,,,,,,,,,,,,,,,,,,,,,
142.1831,DATA,Mouse:,Right,button,"down,","pos=(1122,526)",,,,,,,,,,,,,,,,,,,,,,,,,,,,,,,,,,,,,,,,,,,,
145.4052,DATA,Mouse:,Right,button,"up,","pos=(1122,526)",,,,,,,,,,,,,,,,,,,,,,,,,,,,,,,,,,,,,,,,,,,,
145.6506,EXP,unnamed,ImageStim:,image,=,'stimuli-ha-sa\\incong-cong-SA\\incong-sa-5.png',,,,,,,,,,,,,,,,,,,,,,,,,,,,,,,,,,,,,,,,,,,,
146.823,DATA,Mouse:,Right,button,"down,","pos=(1122,526)",,,,,,,,,,,,,,,,,,,,,,,,,,,,,,,,,,,,,,,,,,,,
149.9238,DATA,Mouse:,Right,button,"up,","pos=(1122,526)",,,,,,,,,,,,,,,,,,,,,,,,,,,,,,,,,,,,,,,,,,,,
150.1718,EXP,unnamed,ImageStim:,image,=,'stimuli-ha-sa\\incong-cong-SA\\cong-sa-25.png',,,,,,,,,,,,,,,,,,,,,,,,,,,,,,,,,,,,,,,,,,,,
151.2711,DATA,Mouse:,Left,button,"down,","pos=(1122,526)",,,,,,,,,,,,,,,,,,,,,,,,,,,,,,,,,,,,,,,,,,,,
151.516,DATA,Mouse:,Left,button,"up,","pos=(1122,526)",,,,,,,,,,,,,,,,,,,,,,,,,,,,,,,,,,,,,,,,,,,,
155.1767,EXP,unnamed,ImageStim:,image,=,'stimuli-ha-sa\\incong-cong-SA\\cong-sa-5.png',,,,,,,,,,,,,,,,,,,,,,,,,,,,,,,,,,,,,,,,,,,,
156.6072,DATA,Mouse:,Right,button,"down,","pos=(1122,526)",,,,,,,,,,,,,,,,,,,,,,,,,,,,,,,,,,,,,,,,,,,,
156.7457,DATA,Mouse:,Right,button,"up,","pos=(1122,526)",,,,,,,,,,,,,,,,,,,,,,,,,,,,,,,,,,,,,,,,,,,,
161.3996,EXP,unnamed,ImageStim:,image,=,'stimuli-ha-sa\\incong-cong-HA\\cong-ha-31.png',,,,,,,,,,,,,,,,,,,,,,,,,,,,,,,,,,,,,,,,,,,,
162.5752,DATA,Mouse:,Left,button,"down,","pos=(1122,526)",,,,,,,,,,,,,,,,,,,,,,,,,,,,,,,,,,,,,,,,,,,,
167.1476,DATA,Mouse:,Left,button,"up,","pos=(1122,526)",,,,,,,,,,,,,,,,,,,,,,,,,,,,,,,,,,,,,,,,,,,,
167.389,EXP,unnamed,ImageStim:,image,=,'stimuli-ha-sa\\incong-cong-HA\\cong-ha-36.png',,,,,,,,,,,,,,,,,,,,,,,,,,,,,,,,,,,,,,,,,,,,
168.3752,DATA,Mouse:,Right,button,"down,","pos=(1122,526)",,,,,,,,,,,,,,,,,,,,,,,,,,,,,,,,,,,,,,,,,,,,
168.5397,DATA,Mouse:,Right,button,"up,","pos=(1122,526)",,,,,,,,,,,,,,,,,,,,,,,,,,,,,,,,,,,,,,,,,,,,
171.8601,EXP,unnamed,ImageStim:,image,=,'stimuli-ha-sa\\incong-cong-HA\\cong-ha-41.png',,,,,,,,,,,,,,,,,,,,,,,,,,,,,,,,,,,,,,,,,,,,
172.7192,DATA,Mouse:,Left,button,"down,","pos=(1122,526)",,,,,,,,,,,,,,,,,,,,,,,,,,,,,,,,,,,,,,,,,,,,
172.8233,DATA,Mouse:,Left,button,"up,","pos=(1122,526)",,,,,,,,,,,,,,,,,,,,,,,,,,,,,,,,,,,,,,,,,,,,
182.8211,EXP,unnamed,ImageStim:,image,=,'stimuli-ha-sa\\incong-cong-SA\\cong-sa-1.png',,,,,,,,,,,,,,,,,,,,,,,,,,,,,,,,,,,,,,,,,,,,
183.7579,DATA,Mouse:,Right,button,"down,","pos=(1122,526)",,,,,,,,,,,,,,,,,,,,,,,,,,,,,,,,,,,,,,,,,,,,
183.7584,DATA,Mouse:,Right,button,"up,","pos=(1122,526)",,,,,,,,,,,,,,,,,,,,,,,,,,,,,,,,,,,,,,,,,,,,
193.1639,EXP,unnamed,ImageStim:,image,=,'stimuli-ha-sa\\incong-cong-SA\\incong-sa-26.png',,,,,,,,,,,,,,,,,,,,,,,,,,,,,,,,,,,,,,,,,,,,
195.919,DATA,Mouse:,Right,button,"down,","pos=(1122,526)",,,,,,,,,,,,,,,,,,,,,,,,,,,,,,,,,,,,,,,,,,,,
200.6211,DATA,Mouse:,Right,button,"up,","pos=(1122,526)",,,,,,,,,,,,,,,,,,,,,,,,,,,,,,,,,,,,,,,,,,,,
200.8549,EXP,unnamed,ImageStim:,image,=,'stimuli-ha-sa\\incong-cong-HA\\incong-ha-39.png',,,,,,,,,,,,,,,,,,,,,,,,,,,,,,,,,,,,,,,,,,,,
201.9832,DATA,Mouse:,Right,button,"down,","pos=(1122,526)",,,,,,,,,,,,,,,,,,,,,,,,,,,,,,,,,,,,,,,,,,,,
205.0217,DATA,Mouse:,Right,button,"up,","pos=(1122,526)",,,,,,,,,,,,,,,,,,,,,,,,,,,,,,,,,,,,,,,,,,,,
205.2601,EXP,unnamed,ImageStim:,image,=,'stimuli-ha-sa\\incong-cong-HA\\incong-ha-18.png',,,,,,,,,,,,,,,,,,,,,,,,,,,,,,,,,,,,,,,,,,,,
206.3511,DATA,Mouse:,Right,button,"down,","pos=(1122,526)",,,,,,,,,,,,,,,,,,,,,,,,,,,,,,,,,,,,,,,,,,,,
206.5096,DATA,Mouse:,Right,button,"up,","pos=(1122,526)",,,,,,,,,,,,,,,,,,,,,,,,,,,,,,,,,,,,,,,,,,,,
210.8161,EXP,unnamed,ImageStim:,image,=,'stimuli-ha-sa\\incong-cong-HA\\incong-ha-3.png',,,,,,,,,,,,,,,,,,,,,,,,,,,,,,,,,,,,,,,,,,,,
212.3031,DATA,Mouse:,Right,button,"down,","pos=(1122,526)",,,,,,,,,,,,,,,,,,,,,,,,,,,,,,,,,,,,,,,,,,,,
216.5049,DATA,Mouse:,Right,button,"up,","pos=(1122,526)",,,,,,,,,,,,,,,,,,,,,,,,,,,,,,,,,,,,,,,,,,,,
216.755,EXP,unnamed,ImageStim:,image,=,'stimuli-ha-sa\\incong-cong-HA\\cong-ha-6.png',,,,,,,,,,,,,,,,,,,,,,,,,,,,,,,,,,,,,,,,,,,,
217.6485,DATA,Mouse:,Left,button,"down,","pos=(1122,526)",,,,,,,,,,,,,,,,,,,,,,,,,,,,,,,,,,,,,,,,,,,,
217.7753,DATA,Mouse:,Left,button,"up,","pos=(1122,526)",,,,,,,,,,,,,,,,,,,,,,,,,,,,,,,,,,,,,,,,,,,,
227.1487,EXP,unnamed,ImageStim:,image,=,'stimuli-ha-sa\\incong-cong-HA\\cong-ha-22.png',,,,,,,,,,,,,,,,,,,,,,,,,,,,,,,,,,,,,,,,,,,,
228.4871,DATA,Mouse:,Left,button,"down,","pos=(1122,526)",,,,,,,,,,,,,,,,,,,,,,,,,,,,,,,,,,,,,,,,,,,,
231.4164,DATA,Mouse:,Left,button,"up,","pos=(1122,526)",,,,,,,,,,,,,,,,,,,,,,,,,,,,,,,,,,,,,,,,,,,,
231.6531,EXP,unnamed,ImageStim:,image,=,'stimuli-ha-sa\\incong-cong-HA\\incong-ha-21.png',,,,,,,,,,,,,,,,,,,,,,,,,,,,,,,,,,,,,,,,,,,,
233.143,DATA,Mouse:,Right,button,"down,","pos=(1122,526)",,,,,,,,,,,,,,,,,,,,,,,,,,,,,,,,,,,,,,,,,,,,
237.9142,DATA,Mouse:,Right,button,"up,","pos=(1122,526)",,,,,,,,,,,,,,,,,,,,,,,,,,,,,,,,,,,,,,,,,,,,
238.1597,EXP,unnamed,ImageStim:,image,=,'stimuli-ha-sa\\incong-cong-HA\\cong-ha-35.png',,,,,,,,,,,,,,,,,,,,,,,,,,,,,,,,,,,,,,,,,,,,
239.927,DATA,Mouse:,Right,button,"down,","pos=(1122,526)",,,,,,,,,,,,,,,,,,,,,,,,,,,,,,,,,,,,,,,,,,,,
242.8176,DATA,Mouse:,Right,button,"up,","pos=(1122,526)",,,,,,,,,,,,,,,,,,,,,,,,,,,,,,,,,,,,,,,,,,,,
243.0646,EXP,unnamed,ImageStim:,image,=,'stimuli-ha-sa\\incong-cong-SA\\incong-sa-22.png',,,,,,,,,,,,,,,,,,,,,,,,,,,,,,,,,,,,,,,,,,,,
244.9911,DATA,Mouse:,Right,button,"down,","pos=(1122,526)",,,,,,,,,,,,,,,,,,,,,,,,,,,,,,,,,,,,,,,,,,,,
249.0168,DATA,Mouse:,Right,button,"up,","pos=(1122,526)",,,,,,,,,,,,,,,,,,,,,,,,,,,,,,,,,,,,,,,,,,,,
249.2533,EXP,unnamed,ImageStim:,image,=,'stimuli-ha-sa\\incong-cong-HA\\cong-ha-4.png',,,,,,,,,,,,,,,,,,,,,,,,,,,,,,,,,,,,,,,,,,,,
251.1352,DATA,Mouse:,Right,button,"down,","pos=(1122,526)",,,,,,,,,,,,,,,,,,,,,,,,,,,,,,,,,,,,,,,,,,,,
254.3851,DATA,Mouse:,Right,button,"up,","pos=(1122,526)",,,,,,,,,,,,,,,,,,,,,,,,,,,,,,,,,,,,,,,,,,,,
254.6265,EXP,unnamed,ImageStim:,image,=,'stimuli-ha-sa\\incong-cong-SA\\cong-sa-30.png',,,,,,,,,,,,,,,,,,,,,,,,,,,,,,,,,,,,,,,,,,,,
259.9031,DATA,Mouse:,Left,button,"down,","pos=(1122,526)",,,,,,,,,,,,,,,,,,,,,,,,,,,,,,,,,,,,,,,,,,,,
263.7427,DATA,Mouse:,Left,button,"up,","pos=(1122,526)",,,,,,,,,,,,,,,,,,,,,,,,,,,,,,,,,,,,,,,,,,,,
263.9855,EXP,unnamed,ImageStim:,image,=,'stimuli-ha-sa\\incong-cong-HA\\incong-ha-9.png',,,,,,,,,,,,,,,,,,,,,,,,,,,,,,,,,,,,,,,,,,,,
267.6393,DATA,Mouse:,Right,button,"down,","pos=(1122,526)",,,,,,,,,,,,,,,,,,,,,,,,,,,,,,,,,,,,,,,,,,,,
270.9857,DATA,Mouse:,Right,button,"up,","pos=(1122,526)",,,,,,,,,,,,,,,,,,,,,,,,,,,,,,,,,,,,,,,,,,,,
271.2252,EXP,unnamed,ImageStim:,image,=,'stimuli-ha-sa\\incong-cong-SA\\incong-sa-46.png',,,,,,,,,,,,,,,,,,,,,,,,,,,,,,,,,,,,,,,,,,,,
272.4872,DATA,Mouse:,Right,button,"down,","pos=(1122,526)",,,,,,,,,,,,,,,,,,,,,,,,,,,,,,,,,,,,,,,,,,,,
277.1347,DATA,Mouse:,Right,button,"up,","pos=(1122,526)",,,,,,,,,,,,,,,,,,,,,,,,,,,,,,,,,,,,,,,,,,,,
277.3822,EXP,unnamed,ImageStim:,image,=,'stimuli-ha-sa\\incong-cong-SA\\incong-sa-14.png',,,,,,,,,,,,,,,,,,,,,,,,,,,,,,,,,,,,,,,,,,,,
278.268,DATA,Mouse:,Right,button,"down,","pos=(1122,526)",,,,,,,,,,,,,,,,,,,,,,,,,,,,,,,,,,,,,,,,,,,,
278.3673,DATA,Mouse:,Right,button,"up,","pos=(1122,526)",,,,,,,,,,,,,,,,,,,,,,,,,,,,,,,,,,,,,,,,,,,,
288.4758,EXP,unnamed,ImageStim:,image,=,'stimuli-ha-sa\\incong-cong-HA\\incong-ha-16.png',,,,,,,,,,,,,,,,,,,,,,,,,,,,,,,,,,,,,,,,,,,,
289.5911,DATA,Mouse:,Right,button,"down,","pos=(1122,526)",,,,,,,,,,,,,,,,,,,,,,,,,,,,,,,,,,,,,,,,,,,,
293.4829,DATA,Mouse:,Right,button,"up,","pos=(1122,526)",,,,,,,,,,,,,,,,,,,,,,,,,,,,,,,,,,,,,,,,,,,,
293.7322,EXP,unnamed,ImageStim:,image,=,'stimuli-ha-sa\\incong-cong-HA\\cong-ha-30.png',,,,,,,,,,,,,,,,,,,,,,,,,,,,,,,,,,,,,,,,,,,,
294.9592,DATA,Mouse:,Left,button,"down,","pos=(1122,526)",,,,,,,,,,,,,,,,,,,,,,,,,,,,,,,,,,,,,,,,,,,,
295.083,DATA,Mouse:,Left,button,"up,","pos=(1122,526)",,,,,,,,,,,,,,,,,,,,,,,,,,,,,,,,,,,,,,,,,,,,
299.7045,EXP,unnamed,ImageStim:,image,=,'stimuli-ha-sa\\incong-cong-SA\\incong-sa-32.png',,,,,,,,,,,,,,,,,,,,,,,,,,,,,,,,,,,,,,,,,,,,
300.7031,DATA,Mouse:,Right,button,"down,","pos=(1122,526)",,,,,,,,,,,,,,,,,,,,,,,,,,,,,,,,,,,,,,,,,,,,
300.918,DATA,Mouse:,Right,button,"up,","pos=(1122,526)",,,,,,,,,,,,,,,,,,,,,,,,,,,,,,,,,,,,,,,,,,,,
305.8106,EXP,unnamed,ImageStim:,image,=,'stimuli-ha-sa\\incong-cong-HA\\cong-ha-9.png',,,,,,,,,,,,,,,,,,,,,,,,,,,,,,,,,,,,,,,,,,,,
306.628,DATA,Mouse:,Left,button,"down,","pos=(1122,526)",,,,,,,,,,,,,,,,,,,,,,,,,,,,,,,,,,,,,,,,,,,,
306.6283,DATA,Mouse:,Left,button,"up,","pos=(1122,526)",,,,,,,,,,,,,,,,,,,,,,,,,,,,,,,,,,,,,,,,,,,,
310.2073,DATA,Mouse:,Left,button,"down,","pos=(1122,526)",,,,,,,,,,,,,,,,,,,,,,,,,,,,,,,,,,,,,,,,,,,,
310.3365,DATA,Mouse:,Left,button,"up,","pos=(1122,526)",,,,,,,,,,,,,,,,,,,,,,,,,,,,,,,,,,,,,,,,,,,,
313.4349,EXP,unnamed,ImageStim:,image,=,'stimuli-ha-sa\\incong-cong-HA\\incong-ha-41.png',,,,,,,,,,,,,,,,,,,,,,,,,,,,,,,,,,,,,,,,,,,,
316.0311,DATA,Mouse:,Right,button,"down,","pos=(1122,526)",,,,,,,,,,,,,,,,,,,,,,,,,,,,,,,,,,,,,,,,,,,,
319.8955,DATA,Mouse:,Right,button,"up,","pos=(1122,526)",,,,,,,,,,,,,,,,,,,,,,,,,,,,,,,,,,,,,,,,,,,,
320.1417,EXP,unnamed,ImageStim:,image,=,'stimuli-ha-sa\\incong-cong-HA\\incong-ha-19.png',,,,,,,,,,,,,,,,,,,,,,,,,,,,,,,,,,,,,,,,,,,,
323.175,DATA,Mouse:,Right,button,"down,","pos=(1122,526)",,,,,,,,,,,,,,,,,,,,,,,,,,,,,,,,,,,,,,,,,,,,
326.4375,DATA,Mouse:,Right,button,"up,","pos=(1122,526)",,,,,,,,,,,,,,,,,,,,,,,,,,,,,,,,,,,,,,,,,,,,
326.6814,EXP,unnamed,ImageStim:,image,=,'stimuli-ha-sa\\incong-cong-SA\\cong-sa-24.png',,,,,,,,,,,,,,,,,,,,,,,,,,,,,,,,,,,,,,,,,,,,
328.8151,DATA,Mouse:,Left,button,"down,","pos=(1122,526)",,,,,,,,,,,,,,,,,,,,,,,,,,,,,,,,,,,,,,,,,,,,
328.9624,DATA,Mouse:,Left,button,"up,","pos=(1122,526)",,,,,,,,,,,,,,,,,,,,,,,,,,,,,,,,,,,,,,,,,,,,
333.0712,EXP,unnamed,ImageStim:,image,=,'stimuli-ha-sa\\incong-cong-HA\\cong-ha-11.png',,,,,,,,,,,,,,,,,,,,,,,,,,,,,,,,,,,,,,,,,,,,
335.2552,DATA,Mouse:,Left,button,"down,","pos=(1122,526)",,,,,,,,,,,,,,,,,,,,,,,,,,,,,,,,,,,,,,,,,,,,
335.4094,DATA,Mouse:,Left,button,"up,","pos=(1122,526)",,,,,,,,,,,,,,,,,,,,,,,,,,,,,,,,,,,,,,,,,,,,
339.4943,EXP,unnamed,ImageStim:,image,=,'stimuli-ha-sa\\incong-cong-HA\\incong-ha-15.png',,,,,,,,,,,,,,,,,,,,,,,,,,,,,,,,,,,,,,,,,,,,
344.7432,DATA,Mouse:,Right,button,"down,","pos=(1122,526)",,,,,,,,,,,,,,,,,,,,,,,,,,,,,,,,,,,,,,,,,,,,
348.6818,DATA,Mouse:,Right,button,"up,","pos=(1122,526)",,,,,,,,,,,,,,,,,,,,,,,,,,,,,,,,,,,,,,,,,,,,
348.9204,EXP,unnamed,ImageStim:,image,=,'stimuli-ha-sa\\incong-cong-SA\\cong-sa-39.png',,,,,,,,,,,,,,,,,,,,,,,,,,,,,,,,,,,,,,,,,,,,
349.9271,DATA,Mouse:,Left,button,"down,","pos=(1122,526)",,,,,,,,,,,,,,,,,,,,,,,,,,,,,,,,,,,,,,,,,,,,
350.0553,DATA,Mouse:,Left,button,"up,","pos=(1122,526)",,,,,,,,,,,,,,,,,,,,,,,,,,,,,,,,,,,,,,,,,,,,
350.6711,DATA,Mouse:,Left,button,"down,","pos=(1122,526)",,,,,,,,,,,,,,,,,,,,,,,,,,,,,,,,,,,,,,,,,,,,
350.7884,DATA,Mouse:,Left,button,"up,","pos=(1122,526)",,,,,,,,,,,,,,,,,,,,,,,,,,,,,,,,,,,,,,,,,,,,
353.9921,EXP,unnamed,ImageStim:,image,=,'stimuli-ha-sa\\incong-cong-SA\\cong-sa-7.png',,,,,,,,,,,,,,,,,,,,,,,,,,,,,,,,,,,,,,,,,,,,
355.1602,DATA,Mouse:,Left,button,"down,","pos=(1122,526)",,,,,,,,,,,,,,,,,,,,,,,,,,,,,,,,,,,,,,,,,,,,
355.2938,DATA,Mouse:,Left,button,"up,","pos=(1122,526)",,,,,,,,,,,,,,,,,,,,,,,,,,,,,,,,,,,,,,,,,,,,
358.3798,EXP,unnamed,ImageStim:,image,=,'stimuli-ha-sa\\incong-cong-SA\\cong-sa-13.png',,,,,,,,,,,,,,,,,,,,,,,,,,,,,,,,,,,,,,,,,,,,
359.8394,DATA,Mouse:,Left,button,"down,","pos=(1122,526)",,,,,,,,,,,,,,,,,,,,,,,,,,,,,,,,,,,,,,,,,,,,
360.0011,DATA,Mouse:,Left,button,"up,","pos=(1122,526)",,,,,,,,,,,,,,,,,,,,,,,,,,,,,,,,,,,,,,,,,,,,
364.9022,EXP,unnamed,ImageStim:,image,=,'stimuli-ha-sa\\incong-cong-SA\\incong-sa-38.png',,,,,,,,,,,,,,,,,,,,,,,,,,,,,,,,,,,,,,,,,,,,
365.8212,DATA,Mouse:,Right,button,"down,","pos=(1122,526)",,,,,,,,,,,,,,,,,,,,,,,,,,,,,,,,,,,,,,,,,,,,
365.8214,DATA,Mouse:,Right,button,"up,","pos=(1122,526)",,,,,,,,,,,,,,,,,,,,,,,,,,,,,,,,,,,,,,,,,,,,
366.7912,DATA,Mouse:,Right,button,"down,","pos=(1122,526)",,,,,,,,,,,,,,,,,,,,,,,,,,,,,,,,,,,,,,,,,,,,
370.3387,DATA,Mouse:,Right,button,"up,","pos=(1122,526)",,,,,,,,,,,,,,,,,,,,,,,,,,,,,,,,,,,,,,,,,,,,
370.5745,EXP,unnamed,ImageStim:,image,=,'stimuli-ha-sa\\incong-cong-HA\\cong-ha-43.png',,,,,,,,,,,,,,,,,,,,,,,,,,,,,,,,,,,,,,,,,,,,
373.1432,DATA,Mouse:,Left,button,"down,","pos=(1122,526)",,,,,,,,,,,,,,,,,,,,,,,,,,,,,,,,,,,,,,,,,,,,
378.0433,DATA,Mouse:,Left,button,"up,","pos=(1122,526)",,,,,,,,,,,,,,,,,,,,,,,,,,,,,,,,,,,,,,,,,,,,
378.2823,EXP,unnamed,ImageStim:,image,=,'stimuli-ha-sa\\incong-cong-SA\\incong-sa-13.png',,,,,,,,,,,,,,,,,,,,,,,,,,,,,,,,,,,,,,,,,,,,
379.2152,DATA,Mouse:,Right,button,"down,","pos=(1122,526)",,,,,,,,,,,,,,,,,,,,,,,,,,,,,,,,,,,,,,,,,,,,
379.4574,DATA,Mouse:,Right,button,"up,","pos=(1122,526)",,,,,,,,,,,,,,,,,,,,,,,,,,,,,,,,,,,,,,,,,,,,
384.3725,EXP,unnamed,ImageStim:,image,=,'stimuli-ha-sa\\incong-cong-SA\\incong-sa-29.png',,,,,,,,,,,,,,,,,,,,,,,,,,,,,,,,,,,,,,,,,,,,
385.2955,DATA,Mouse:,Right,button,"down,","pos=(1133,532)",,,,,,,,,,,,,,,,,,,,,,,,,,,,,,,,,,,,,,,,,,,,
385.4229,DATA,Mouse:,Right,button,"up,","pos=(1133,532)",,,,,,,,,,,,,,,,,,,,,,,,,,,,,,,,,,,,,,,,,,,,
386.351,DATA,Mouse:,Right,button,"down,","pos=(1133,532)",,,,,,,,,,,,,,,,,,,,,,,,,,,,,,,,,,,,,,,,,,,,
390.5869,DATA,Mouse:,Right,button,"up,","pos=(1133,532)",,,,,,,,,,,,,,,,,,,,,,,,,,,,,,,,,,,,,,,,,,,,
390.8289,EXP,unnamed,ImageStim:,image,=,'stimuli-ha-sa\\incong-cong-SA\\incong-sa-25.png',,,,,,,,,,,,,,,,,,,,,,,,,,,,,,,,,,,,,,,,,,,,
391.732,DATA,Mouse:,Right,button,"down,","pos=(1133,532)",,,,,,,,,,,,,,,,,,,,,,,,,,,,,,,,,,,,,,,,,,,,
391.7323,DATA,Mouse:,Right,button,"up,","pos=(1133,532)",,,,,,,,,,,,,,,,,,,,,,,,,,,,,,,,,,,,,,,,,,,,
391.9911,DATA,Mouse:,Right,button,"down,","pos=(1130,531)",,,,,,,,,,,,,,,,,,,,,,,,,,,,,,,,,,,,,,,,,,,,
395.2946,DATA,Mouse:,Right,button,"up,","pos=(1130,531)",,,,,,,,,,,,,,,,,,,,,,,,,,,,,,,,,,,,,,,,,,,,
395.5336,EXP,unnamed,ImageStim:,image,=,'stimuli-ha-sa\\incong-cong-SA\\incong-sa-2.png',,,,,,,,,,,,,,,,,,,,,,,,,,,,,,,,,,,,,,,,,,,,
396.4712,DATA,Mouse:,Right,button,"down,","pos=(1130,531)",,,,,,,,,,,,,,,,,,,,,,,,,,,,,,,,,,,,,,,,,,,,
396.607,DATA,Mouse:,Right,button,"up,","pos=(1130,531)",,,,,,,,,,,,,,,,,,,,,,,,,,,,,,,,,,,,,,,,,,,,
398.0553,DATA,Mouse:,Right,button,"down,","pos=(1130,531)",,,,,,,,,,,,,,,,,,,,,,,,,,,,,,,,,,,,,,,,,,,,
402.7136,DATA,Mouse:,Right,button,"up,","pos=(1130,531)",,,,,,,,,,,,,,,,,,,,,,,,,,,,,,,,,,,,,,,,,,,,
402.9577,EXP,unnamed,ImageStim:,image,=,'stimuli-ha-sa\\incong-cong-HA\\incong-ha-14.png',,,,,,,,,,,,,,,,,,,,,,,,,,,,,,,,,,,,,,,,,,,,
404.6231,DATA,Mouse:,Right,button,"down,","pos=(1130,531)",,,,,,,,,,,,,,,,,,,,,,,,,,,,,,,,,,,,,,,,,,,,
404.7544,DATA,Mouse:,Right,button,"up,","pos=(1130,531)",,,,,,,,,,,,,,,,,,,,,,,,,,,,,,,,,,,,,,,,,,,,
408.6133,EXP,unnamed,ImageStim:,image,=,'stimuli-ha-sa\\incong-cong-HA\\cong-ha-33.png',,,,,,,,,,,,,,,,,,,,,,,,,,,,,,,,,,,,,,,,,,,,
409.7991,DATA,Mouse:,Left,button,"down,","pos=(1130,531)",,,,,,,,,,,,,,,,,,,,,,,,,,,,,,,,,,,,,,,,,,,,
412.782,DATA,Mouse:,Left,button,"up,","pos=(1130,531)",,,,,,,,,,,,,,,,,,,,,,,,,,,,,,,,,,,,,,,,,,,,
413.0169,EXP,unnamed,ImageStim:,image,=,'stimuli-ha-sa\\incong-cong-SA\\cong-sa-2.png',,,,,,,,,,,,,,,,,,,,,,,,,,,,,,,,,,,,,,,,,,,,
414.119,DATA,Mouse:,Left,button,"down,","pos=(1130,531)",,,,,,,,,,,,,,,,,,,,,,,,,,,,,,,,,,,,,,,,,,,,
418.1005,DATA,Mouse:,Left,button,"up,","pos=(1130,531)",,,,,,,,,,,,,,,,,,,,,,,,,,,,,,,,,,,,,,,,,,,,
418.3397,EXP,unnamed,ImageStim:,image,=,'stimuli-ha-sa\\incong-cong-SA\\incong-sa-10.png',,,,,,,,,,,,,,,,,,,,,,,,,,,,,,,,,,,,,,,,,,,,
419.2151,DATA,Mouse:,Right,button,"down,","pos=(1130,531)",,,,,,,,,,,,,,,,,,,,,,,,,,,,,,,,,,,,,,,,,,,,
419.327,DATA,Mouse:,Right,button,"up,","pos=(1130,531)",,,,,,,,,,,,,,,,,,,,,,,,,,,,,,,,,,,,,,,,,,,,
419.7432,DATA,Mouse:,Right,button,"down,","pos=(1130,531)",,,,,,,,,,,,,,,,,,,,,,,,,,,,,,,,,,,,,,,,,,,,
422.7934,DATA,Mouse:,Right,button,"up,","pos=(1130,531)",,,,,,,,,,,,,,,,,,,,,,,,,,,,,,,,,,,,,,,,,,,,
423.0269,EXP,unnamed,ImageStim:,image,=,'stimuli-ha-sa\\incong-cong-SA\\incong-sa-4.png',,,,,,,,,,,,,,,,,,,,,,,,,,,,,,,,,,,,,,,,,,,,
424.0626,DATA,Mouse:,Right,button,"down,","pos=(1130,531)",,,,,,,,,,,,,,,,,,,,,,,,,,,,,,,,,,,,,,,,,,,,
427.6784,DATA,Mouse:,Right,button,"up,","pos=(1130,531)",,,,,,,,,,,,,,,,,,,,,,,,,,,,,,,,,,,,,,,,,,,,
427.6785,DATA,Mouse:,Right,button,"down,","pos=(1130,531)",,,,,,,,,,,,,,,,,,,,,,,,,,,,,,,,,,,,,,,,,,,,
427.6787,DATA,Mouse:,Right,button,"up,","pos=(1130,531)",,,,,,,,,,,,,,,,,,,,,,,,,,,,,,,,,,,,,,,,,,,,
427.9152,EXP,unnamed,ImageStim:,image,=,'stimuli-ha-sa\\incong-cong-SA\\cong-sa-34.png',,,,,,,,,,,,,,,,,,,,,,,,,,,,,,,,,,,,,,,,,,,,
428.9831,DATA,Mouse:,Left,button,"down,","pos=(1130,531)",,,,,,,,,,,,,,,,,,,,,,,,,,,,,,,,,,,,,,,,,,,,
429.122,DATA,Mouse:,Left,button,"up,","pos=(1130,531)",,,,,,,,,,,,,,,,,,,,,,,,,,,,,,,,,,,,,,,,,,,,
432.8544,EXP,unnamed,ImageStim:,image,=,'stimuli-ha-sa\\incong-cong-HA\\incong-ha-20.png',,,,,,,,,,,,,,,,,,,,,,,,,,,,,,,,,,,,,,,,,,,,
434.0472,DATA,Mouse:,Right,button,"down,","pos=(1127,530)",,,,,,,,,,,,,,,,,,,,,,,,,,,,,,,,,,,,,,,,,,,,
437.2602,DATA,Mouse:,Right,button,"up,","pos=(1127,530)",,,,,,,,,,,,,,,,,,,,,,,,,,,,,,,,,,,,,,,,,,,,
437.509,EXP,unnamed,ImageStim:,image,=,'stimuli-ha-sa\\incong-cong-SA\\incong-sa-20.png',,,,,,,,,,,,,,,,,,,,,,,,,,,,,,,,,,,,,,,,,,,,
438.5432,DATA,Mouse:,Right,button,"down,","pos=(1127,530)",,,,,,,,,,,,,,,,,,,,,,,,,,,,,,,,,,,,,,,,,,,,
438.7083,DATA,Mouse:,Right,button,"up,","pos=(1127,530)",,,,,,,,,,,,,,,,,,,,,,,,,,,,,,,,,,,,,,,,,,,,
443.5149,EXP,unnamed,ImageStim:,image,=,'stimuli-ha-sa\\incong-cong-HA\\incong-ha-45.png',,,,,,,,,,,,,,,,,,,,,,,,,,,,,,,,,,,,,,,,,,,,
445.4153,DATA,Mouse:,Right,button,"down,","pos=(1126,529)",,,,,,,,,,,,,,,,,,,,,,,,,,,,,,,,,,,,,,,,,,,,
449.2242,DATA,Mouse:,Right,button,"up,","pos=(1126,529)",,,,,,,,,,,,,,,,,,,,,,,,,,,,,,,,,,,,,,,,,,,,
449.4709,EXP,unnamed,ImageStim:,image,=,'stimuli-ha-sa\\incong-cong-HA\\cong-ha-12.png',,,,,,,,,,,,,,,,,,,,,,,,,,,,,,,,,,,,,,,,,,,,
450.3055,DATA,Mouse:,Left,button,"down,","pos=(1126,529)",,,,,,,,,,,,,,,,,,,,,,,,,,,,,,,,,,,,,,,,,,,,
450.407,DATA,Mouse:,Left,button,"up,","pos=(1126,529)",,,,,,,,,,,,,,,,,,,,,,,,,,,,,,,,,,,,,,,,,,,,
452.0952,DATA,Mouse:,Left,button,"down,","pos=(1126,529)",,,,,,,,,,,,,,,,,,,,,,,,,,,,,,,,,,,,,,,,,,,,
456.0856,DATA,Mouse:,Left,button,"up,","pos=(1126,529)",,,,,,,,,,,,,,,,,,,,,,,,,,,,,,,,,,,,,,,,,,,,
456.3277,EXP,unnamed,ImageStim:,image,=,'stimuli-ha-sa\\incong-cong-HA\\incong-ha-33.png',,,,,,,,,,,,,,,,,,,,,,,,,,,,,,,,,,,,,,,,,,,,
457.695,DATA,Mouse:,Right,button,"down,","pos=(1126,529)",,,,,,,,,,,,,,,,,,,,,,,,,,,,,,,,,,,,,,,,,,,,
462.4462,DATA,Mouse:,Right,button,"up,","pos=(1126,529)",,,,,,,,,,,,,,,,,,,,,,,,,,,,,,,,,,,,,,,,,,,,
462.6832,EXP,unnamed,ImageStim:,image,=,'stimuli-ha-sa\\incong-cong-SA\\incong-sa-30.png',,,,,,,,,,,,,,,,,,,,,,,,,,,,,,,,,,,,,,,,,,,,
463.6147,DATA,Mouse:,Right,button,"down,","pos=(1126,529)",,,,,,,,,,,,,,,,,,,,,,,,,,,,,,,,,,,,,,,,,,,,
463.7112,DATA,Mouse:,Right,button,"up,","pos=(1126,529)",,,,,,,,,,,,,,,,,,,,,,,,,,,,,,,,,,,,,,,,,,,,
464.3911,DATA,Mouse:,Right,button,"down,","pos=(1126,529)",,,,,,,,,,,,,,,,,,,,,,,,,,,,,,,,,,,,,,,,,,,,
469.0713,DATA,Mouse:,Right,button,"up,","pos=(1126,529)",,,,,,,,,,,,,,,,,,,,,,,,,,,,,,,,,,,,,,,,,,,,
469.3065,EXP,unnamed,ImageStim:,image,=,'stimuli-ha-sa\\incong-cong-HA\\cong-ha-34.png',,,,,,,,,,,,,,,,,,,,,,,,,,,,,,,,,,,,,,,,,,,,
470.8712,DATA,Mouse:,Left,button,"down,","pos=(1126,529)",,,,,,,,,,,,,,,,,,,,,,,,,,,,,,,,,,,,,,,,,,,,
474.9857,DATA,Mouse:,Left,button,"up,","pos=(1126,529)",,,,,,,,,,,,,,,,,,,,,,,,,,,,,,,,,,,,,,,,,,,,
475.2299,EXP,unnamed,ImageStim:,image,=,'stimuli-ha-sa\\incong-cong-SA\\cong-sa-43.png',,,,,,,,,,,,,,,,,,,,,,,,,,,,,,,,,,,,,,,,,,,,
477.2551,DATA,Mouse:,Right,button,"down,","pos=(1126,529)",,,,,,,,,,,,,,,,,,,,,,,,,,,,,,,,,,,,,,,,,,,,
481.5841,DATA,Mouse:,Right,button,"up,","pos=(1126,529)",,,,,,,,,,,,,,,,,,,,,,,,,,,,,,,,,,,,,,,,,,,,
481.819,EXP,unnamed,ImageStim:,image,=,'stimuli-ha-sa\\incong-cong-SA\\cong-sa-28.png',,,,,,,,,,,,,,,,,,,,,,,,,,,,,,,,,,,,,,,,,,,,
483.3993,DATA,Mouse:,Left,button,"down,","pos=(1126,529)",,,,,,,,,,,,,,,,,,,,,,,,,,,,,,,,,,,,,,,,,,,,
488.1065,DATA,Mouse:,Left,button,"up,","pos=(1126,529)",,,,,,,,,,,,,,,,,,,,,,,,,,,,,,,,,,,,,,,,,,,,
488.3422,EXP,unnamed,ImageStim:,image,=,'stimuli-ha-sa\\incong-cong-SA\\cong-sa-11.png',,,,,,,,,,,,,,,,,,,,,,,,,,,,,,,,,,,,,,,,,,,,
489.2633,DATA,Mouse:,Left,button,"down,","pos=(1126,529)",,,,,,,,,,,,,,,,,,,,,,,,,,,,,,,,,,,,,,,,,,,,
489.375,DATA,Mouse:,Left,button,"up,","pos=(1126,529)",,,,,,,,,,,,,,,,,,,,,,,,,,,,,,,,,,,,,,,,,,,,
492.7112,DATA,Mouse:,Left,button,"down,","pos=(1126,529)",,,,,,,,,,,,,,,,,,,,,,,,,,,,,,,,,,,,,,,,,,,,
492.872,DATA,Mouse:,Left,button,"up,","pos=(1126,529)",,,,,,,,,,,,,,,,,,,,,,,,,,,,,,,,,,,,,,,,,,,,
496.6672,EXP,unnamed,ImageStim:,image,=,'stimuli-ha-sa\\incong-cong-SA\\incong-sa-27.png',,,,,,,,,,,,,,,,,,,,,,,,,,,,,,,,,,,,,,,,,,,,
498.9671,DATA,Mouse:,Right,button,"down,","pos=(1126,529)",,,,,,,,,,,,,,,,,,,,,,,,,,,,,,,,,,,,,,,,,,,,
503.1822,DATA,Mouse:,Right,button,"up,","pos=(1126,529)",,,,,,,,,,,,,,,,,,,,,,,,,,,,,,,,,,,,,,,,,,,,
503.4248,EXP,unnamed,ImageStim:,image,=,'stimuli-ha-sa\\incong-cong-SA\\cong-sa-36.png',,,,,,,,,,,,,,,,,,,,,,,,,,,,,,,,,,,,,,,,,,,,
505.5753,DATA,Mouse:,Left,button,"down,","pos=(1126,529)",,,,,,,,,,,,,,,,,,,,,,,,,,,,,,,,,,,,,,,,,,,,
509.7848,DATA,Mouse:,Left,button,"up,","pos=(1126,529)",,,,,,,,,,,,,,,,,,,,,,,,,,,,,,,,,,,,,,,,,,,,
510.0316,EXP,unnamed,ImageStim:,image,=,'stimuli-ha-sa\\incong-cong-SA\\cong-sa-4.png',,,,,,,,,,,,,,,,,,,,,,,,,,,,,,,,,,,,,,,,,,,,
512.3115,DATA,Mouse:,Left,button,"down,","pos=(1118,522)",,,,,,,,,,,,,,,,,,,,,,,,,,,,,,,,,,,,,,,,,,,,
516.4312,DATA,Mouse:,Left,button,"up,","pos=(1118,522)",,,,,,,,,,,,,,,,,,,,,,,,,,,,,,,,,,,,,,,,,,,,
516.6705,EXP,unnamed,ImageStim:,image,=,'stimuli-ha-sa\\incong-cong-HA\\cong-ha-50.png',,,,,,,,,,,,,,,,,,,,,,,,,,,,,,,,,,,,,,,,,,,,
517.629,DATA,Mouse:,Left,button,"down,","pos=(1118,522)",,,,,,,,,,,,,,,,,,,,,,,,,,,,,,,,,,,,,,,,,,,,
517.6295,DATA,Mouse:,Left,button,"up,","pos=(1118,522)",,,,,,,,,,,,,,,,,,,,,,,,,,,,,,,,,,,,,,,,,,,,
518.1831,DATA,Mouse:,Left,button,"down,","pos=(1118,522)",,,,,,,,,,,,,,,,,,,,,,,,,,,,,,,,,,,,,,,,,,,,
518.3172,DATA,Mouse:,Left,button,"up,","pos=(1118,522)",,,,,,,,,,,,,,,,,,,,,,,,,,,,,,,,,,,,,,,,,,,,
522.8442,EXP,unnamed,ImageStim:,image,=,'stimuli-ha-sa\\incong-cong-HA\\cong-ha-5.png',,,,,,,,,,,,,,,,,,,,,,,,,,,,,,,,,,,,,,,,,,,,
523.7671,DATA,Mouse:,Left,button,"down,","pos=(1118,522)",,,,,,,,,,,,,,,,,,,,,,,,,,,,,,,,,,,,,,,,,,,,
523.8871,DATA,Mouse:,Left,button,"up,","pos=(1118,522)",,,,,,,,,,,,,,,,,,,,,,,,,,,,,,,,,,,,,,,,,,,,
527.3752,DATA,Mouse:,Left,button,"down,","pos=(1118,522)",,,,,,,,,,,,,,,,,,,,,,,,,,,,,,,,,,,,,,,,,,,,
530.6942,DATA,Mouse:,Left,button,"up,","pos=(1118,522)",,,,,,,,,,,,,,,,,,,,,,,,,,,,,,,,,,,,,,,,,,,,
530.9356,EXP,unnamed,ImageStim:,image,=,'stimuli-ha-sa\\incong-cong-SA\\cong-sa-16.png',,,,,,,,,,,,,,,,,,,,,,,,,,,,,,,,,,,,,,,,,,,,
531.7528,DATA,Mouse:,Right,button,"down,","pos=(1118,522)",,,,,,,,,,,,,,,,,,,,,,,,,,,,,,,,,,,,,,,,,,,,
531.7531,DATA,Mouse:,Right,button,"up,","pos=(1118,522)",,,,,,,,,,,,,,,,,,,,,,,,,,,,,,,,,,,,,,,,,,,,
532.3671,DATA,Mouse:,Left,button,"down,","pos=(1118,522)",,,,,,,,,,,,,,,,,,,,,,,,,,,,,,,,,,,,,,,,,,,,
536.6953,DATA,Mouse:,Left,button,"up,","pos=(1118,522)",,,,,,,,,,,,,,,,,,,,,,,,,,,,,,,,,,,,,,,,,,,,
536.9416,EXP,unnamed,ImageStim:,image,=,'stimuli-ha-sa\\incong-cong-SA\\incong-sa-45.png',,,,,,,,,,,,,,,,,,,,,,,,,,,,,,,,,,,,,,,,,,,,
538.495,DATA,Mouse:,Right,button,"down,","pos=(1116,522)",,,,,,,,,,,,,,,,,,,,,,,,,,,,,,,,,,,,,,,,,,,,
541.7822,DATA,Mouse:,Right,button,"up,","pos=(1116,522)",,,,,,,,,,,,,,,,,,,,,,,,,,,,,,,,,,,,,,,,,,,,
542.03,EXP,unnamed,ImageStim:,image,=,'stimuli-ha-sa\\incong-cong-SA\\cong-sa-17.png',,,,,,,,,,,,,,,,,,,,,,,,,,,,,,,,,,,,,,,,,,,,
543.2473,DATA,Mouse:,Left,button,"down,","pos=(1116,522)",,,,,,,,,,,,,,,,,,,,,,,,,,,,,,,,,,,,,,,,,,,,
547.7434,DATA,Mouse:,Left,button,"up,","pos=(1116,522)",,,,,,,,,,,,,,,,,,,,,,,,,,,,,,,,,,,,,,,,,,,,
547.986,EXP,unnamed,ImageStim:,image,=,'stimuli-ha-sa\\incong-cong-HA\\incong-ha-11.png',,,,,,,,,,,,,,,,,,,,,,,,,,,,,,,,,,,,,,,,,,,,
548.9271,DATA,Mouse:,Right,button,"down,","pos=(1116,522)",,,,,,,,,,,,,,,,,,,,,,,,,,,,,,,,,,,,,,,,,,,,
549.0952,DATA,Mouse:,Right,button,"up,","pos=(1116,522)",,,,,,,,,,,,,,,,,,,,,,,,,,,,,,,,,,,,,,,,,,,,
549.4951,DATA,Mouse:,Right,button,"down,","pos=(1116,522)",,,,,,,,,,,,,,,,,,,,,,,,,,,,,,,,,,,,,,,,,,,,
553.1246,DATA,Mouse:,Right,button,"up,","pos=(1116,522)",,,,,,,,,,,,,,,,,,,,,,,,,,,,,,,,,,,,,,,,,,,,
553.3747,EXP,unnamed,ImageStim:,image,=,'stimuli-ha-sa\\incong-cong-HA\\cong-ha-47.png',,,,,,,,,,,,,,,,,,,,,,,,,,,,,,,,,,,,,,,,,,,,
554.3272,DATA,Mouse:,Left,button,"down,","pos=(1116,522)",,,,,,,,,,,,,,,,,,,,,,,,,,,,,,,,,,,,,,,,,,,,
554.407,DATA,Mouse:,Left,button,"up,","pos=(1116,522)",,,,,,,,,,,,,,,,,,,,,,,,,,,,,,,,,,,,,,,,,,,,
554.8951,DATA,Mouse:,Left,button,"down,","pos=(1116,522)",,,,,,,,,,,,,,,,,,,,,,,,,,,,,,,,,,,,,,,,,,,,
558.4237,DATA,Mouse:,Left,button,"up,","pos=(1116,522)",,,,,,,,,,,,,,,,,,,,,,,,,,,,,,,,,,,,,,,,,,,,
558.6633,EXP,unnamed,ImageStim:,image,=,'stimuli-ha-sa\\incong-cong-SA\\incong-sa-33.png',,,,,,,,,,,,,,,,,,,,,,,,,,,,,,,,,,,,,,,,,,,,
560.8793,DATA,Mouse:,Right,button,"down,","pos=(1113,519)",,,,,,,,,,,,,,,,,,,,,,,,,,,,,,,,,,,,,,,,,,,,
561.0187,DATA,Mouse:,Right,button,"up,","pos=(1113,519)",,,,,,,,,,,,,,,,,,,,,,,,,,,,,,,,,,,,,,,,,,,,
566.0878,EXP,unnamed,ImageStim:,image,=,'stimuli-ha-sa\\incong-cong-SA\\incong-sa-34.png',,,,,,,,,,,,,,,,,,,,,,,,,,,,,,,,,,,,,,,,,,,,
567.151,DATA,Mouse:,Right,button,"down,","pos=(1113,519)",,,,,,,,,,,,,,,,,,,,,,,,,,,,,,,,,,,,,,,,,,,,
572.0274,DATA,Mouse:,Right,button,"up,","pos=(1113,519)",,,,,,,,,,,,,,,,,,,,,,,,,,,,,,,,,,,,,,,,,,,,
572.2769,EXP,unnamed,ImageStim:,image,=,'stimuli-ha-sa\\incong-cong-HA\\incong-ha-1.png',,,,,,,,,,,,,,,,,,,,,,,,,,,,,,,,,,,,,,,,,,,,
573.184,DATA,Mouse:,Right,button,"down,","pos=(1113,519)",,,,,,,,,,,,,,,,,,,,,,,,,,,,,,,,,,,,,,,,,,,,
573.2551,DATA,Mouse:,Right,button,"up,","pos=(1113,519)",,,,,,,,,,,,,,,,,,,,,,,,,,,,,,,,,,,,,,,,,,,,
573.6472,DATA,Mouse:,Right,button,"down,","pos=(1113,519)",,,,,,,,,,,,,,,,,,,,,,,,,,,,,,,,,,,,,,,,,,,,
577.5942,DATA,Mouse:,Right,button,"up,","pos=(1113,519)",,,,,,,,,,,,,,,,,,,,,,,,,,,,,,,,,,,,,,,,,,,,
577.833,EXP,unnamed,ImageStim:,image,=,'stimuli-ha-sa\\incong-cong-HA\\cong-ha-27.png',,,,,,,,,,,,,,,,,,,,,,,,,,,,,,,,,,,,,,,,,,,,
578.8951,DATA,Mouse:,Left,button,"down,","pos=(1113,519)",,,,,,,,,,,,,,,,,,,,,,,,,,,,,,,,,,,,,,,,,,,,
579.0221,DATA,Mouse:,Left,button,"up,","pos=(1113,519)",,,,,,,,,,,,,,,,,,,,,,,,,,,,,,,,,,,,,,,,,,,,
582.0605,DATA,Mouse:,Left,button,"down,","pos=(1113,519)",,,,,,,,,,,,,,,,,,,,,,,,,,,,,,,,,,,,,,,,,,,,
582.0609,DATA,Mouse:,Left,button,"up,","pos=(1113,519)",,,,,,,,,,,,,,,,,,,,,,,,,,,,,,,,,,,,,,,,,,,,
582.3036,EXP,unnamed,ImageStim:,image,=,'stimuli-ha-sa\\incong-cong-HA\\incong-ha-13.png',,,,,,,,,,,,,,,,,,,,,,,,,,,,,,,,,,,,,,,,,,,,
583.2872,DATA,Mouse:,Right,button,"down,","pos=(1113,519)",,,,,,,,,,,,,,,,,,,,,,,,,,,,,,,,,,,,,,,,,,,,
583.4219,DATA,Mouse:,Right,button,"up,","pos=(1113,519)",,,,,,,,,,,,,,,,,,,,,,,,,,,,,,,,,,,,,,,,,,,,
583.719,DATA,Mouse:,Right,button,"down,","pos=(1113,519)",,,,,,,,,,,,,,,,,,,,,,,,,,,,,,,,,,,,,,,,,,,,
583.8547,DATA,Mouse:,Right,button,"up,","pos=(1113,519)",,,,,,,,,,,,,,,,,,,,,,,,,,,,,,,,,,,,,,,,,,,,
587.9425,EXP,unnamed,ImageStim:,image,=,'stimuli-ha-sa\\incong-cong-SA\\cong-sa-26.png',,,,,,,,,,,,,,,,,,,,,,,,,,,,,,,,,,,,,,,,,,,,
589.167,DATA,Mouse:,Left,button,"down,","pos=(1113,519)",,,,,,,,,,,,,,,,,,,,,,,,,,,,,,,,,,,,,,,,,,,,
589.3863,DATA,Mouse:,Left,button,"up,","pos=(1113,519)",,,,,,,,,,,,,,,,,,,,,,,,,,,,,,,,,,,,,,,,,,,,
593.2646,EXP,unnamed,ImageStim:,image,=,'stimuli-ha-sa\\incong-cong-HA\\incong-ha-40.png',,,,,,,,,,,,,,,,,,,,,,,,,,,,,,,,,,,,,,,,,,,,
594.6312,DATA,Mouse:,Right,button,"down,","pos=(1113,519)",,,,,,,,,,,,,,,,,,,,,,,,,,,,,,,,,,,,,,,,,,,,
597.6721,DATA,Mouse:,Right,button,"up,","pos=(1113,519)",,,,,,,,,,,,,,,,,,,,,,,,,,,,,,,,,,,,,,,,,,,,
597.9195,EXP,unnamed,ImageStim:,image,=,'stimuli-ha-sa\\incong-cong-HA\\incong-ha-38.png',,,,,,,,,,,,,,,,,,,,,,,,,,,,,,,,,,,,,,,,,,,,
600.4792,DATA,Mouse:,Right,button,"down,","pos=(1113,519)",,,,,,,,,,,,,,,,,,,,,,,,,,,,,,,,,,,,,,,,,,,,
604.7221,DATA,Mouse:,Right,button,"up,","pos=(1113,519)",,,,,,,,,,,,,,,,,,,,,,,,,,,,,,,,,,,,,,,,,,,,
604.9595,EXP,unnamed,ImageStim:,image,=,'stimuli-ha-sa\\incong-cong-SA\\incong-sa-6.png',,,,,,,,,,,,,,,,,,,,,,,,,,,,,,,,,,,,,,,,,,,,
606.3032,DATA,Mouse:,Right,button,"down,","pos=(1113,519)",,,,,,,,,,,,,,,,,,,,,,,,,,,,,,,,,,,,,,,,,,,,
610.3737,DATA,Mouse:,Right,button,"up,","pos=(1113,519)",,,,,,,,,,,,,,,,,,,,,,,,,,,,,,,,,,,,,,,,,,,,
610.6152,EXP,unnamed,ImageStim:,image,=,'stimuli-ha-sa\\incong-cong-HA\\cong-ha-21.png',,,,,,,,,,,,,,,,,,,,,,,,,,,,,,,,,,,,,,,,,,,,
611.9912,DATA,Mouse:,Left,button,"down,","pos=(1113,519)",,,,,,,,,,,,,,,,,,,,,,,,,,,,,,,,,,,,,,,,,,,,
612.116,DATA,Mouse:,Left,button,"up,","pos=(1113,519)",,,,,,,,,,,,,,,,,,,,,,,,,,,,,,,,,,,,,,,,,,,,
616.8715,EXP,unnamed,ImageStim:,image,=,'stimuli-ha-sa\\incong-cong-HA\\incong-ha-44.png',,,,,,,,,,,,,,,,,,,,,,,,,,,,,,,,,,,,,,,,,,,,
618.2312,DATA,Mouse:,Right,button,"down,","pos=(1113,519)",,,,,,,,,,,,,,,,,,,,,,,,,,,,,,,,,,,,,,,,,,,,
618.3647,DATA,Mouse:,Right,button,"up,","pos=(1113,519)",,,,,,,,,,,,,,,,,,,,,,,,,,,,,,,,,,,,,,,,,,,,
621.743,EXP,unnamed,ImageStim:,image,=,'stimuli-ha-sa\\incong-cong-HA\\incong-ha-17.png',,,,,,,,,,,,,,,,,,,,,,,,,,,,,,,,,,,,,,,,,,,,
623.1351,DATA,Mouse:,Right,button,"down,","pos=(1113,519)",,,,,,,,,,,,,,,,,,,,,,,,,,,,,,,,,,,,,,,,,,,,
626.0886,DATA,Mouse:,Right,button,"up,","pos=(1113,519)",,,,,,,,,,,,,,,,,,,,,,,,,,,,,,,,,,,,,,,,,,,,
626.3309,EXP,unnamed,ImageStim:,image,=,'stimuli-ha-sa\\incong-cong-SA\\incong-sa-8.png',,,,,,,,,,,,,,,,,,,,,,,,,,,,,,,,,,,,,,,,,,,,
627.767,DATA,Mouse:,Right,button,"down,","pos=(1113,519)",,,,,,,,,,,,,,,,,,,,,,,,,,,,,,,,,,,,,,,,,,,,
627.8871,DATA,Mouse:,Right,button,"up,","pos=(1113,519)",,,,,,,,,,,,,,,,,,,,,,,,,,,,,,,,,,,,,,,,,,,,
631.9698,EXP,unnamed,ImageStim:,image,=,'stimuli-ha-sa\\incong-cong-HA\\incong-ha-53.png',,,,,,,,,,,,,,,,,,,,,,,,,,,,,,,,,,,,,,,,,,,,
633.3592,DATA,Mouse:,Right,button,"down,","pos=(1113,519)",,,,,,,,,,,,,,,,,,,,,,,,,,,,,,,,,,,,,,,,,,,,
636.928,DATA,Mouse:,Right,button,"up,","pos=(1113,519)",,,,,,,,,,,,,,,,,,,,,,,,,,,,,,,,,,,,,,,,,,,,
637.1751,EXP,unnamed,ImageStim:,image,=,'stimuli-ha-sa\\incong-cong-HA\\cong-ha-25.png',,,,,,,,,,,,,,,,,,,,,,,,,,,,,,,,,,,,,,,,,,,,
638.831,DATA,Mouse:,Left,button,"down,","pos=(1113,519)",,,,,,,,,,,,,,,,,,,,,,,,,,,,,,,,,,,,,,,,,,,,
642.5846,DATA,Mouse:,Left,button,"up,","pos=(1113,519)",,,,,,,,,,,,,,,,,,,,,,,,,,,,,,,,,,,,,,,,,,,,
642.8308,EXP,unnamed,ImageStim:,image,=,'stimuli-ha-sa\\incong-cong-HA\\incong-ha-22.png',,,,,,,,,,,,,,,,,,,,,,,,,,,,,,,,,,,,,,,,,,,,
644.1832,DATA,Mouse:,Right,button,"down,","pos=(1113,519)",,,,,,,,,,,,,,,,,,,,,,,,,,,,,,,,,,,,,,,,,,,,
647.6128,DATA,Mouse:,Right,button,"up,","pos=(1113,519)",,,,,,,,,,,,,,,,,,,,,,,,,,,,,,,,,,,,,,,,,,,,
647.8524,EXP,unnamed,ImageStim:,image,=,'stimuli-ha-sa\\incong-cong-SA\\cong-sa-27.png',,,,,,,,,,,,,,,,,,,,,,,,,,,,,,,,,,,,,,,,,,,,
649.3514,DATA,Mouse:,Left,button,"down,","pos=(1113,519)",,,,,,,,,,,,,,,,,,,,,,,,,,,,,,,,,,,,,,,,,,,,
653.8152,DATA,Mouse:,Left,button,"up,","pos=(1113,519)",,,,,,,,,,,,,,,,,,,,,,,,,,,,,,,,,,,,,,,,,,,,
654.0587,EXP,unnamed,ImageStim:,image,=,'stimuli-ha-sa\\incong-cong-HA\\incong-ha-2.png',,,,,,,,,,,,,,,,,,,,,,,,,,,,,,,,,,,,,,,,,,,,
656.7674,DATA,Mouse:,Right,button,"down,","pos=(1113,519)",,,,,,,,,,,,,,,,,,,,,,,,,,,,,,,,,,,,,,,,,,,,
660.4972,DATA,Mouse:,Right,button,"up,","pos=(1113,519)",,,,,,,,,,,,,,,,,,,,,,,,,,,,,,,,,,,,,,,,,,,,
660.7311,EXP,unnamed,ImageStim:,image,=,'stimuli-ha-sa\\incong-cong-HA\\cong-ha-3.png',,,,,,,,,,,,,,,,,,,,,,,,,,,,,,,,,,,,,,,,,,,,
662.8233,DATA,Mouse:,Right,button,"down,","pos=(1113,519)",,,,,,,,,,,,,,,,,,,,,,,,,,,,,,,,,,,,,,,,,,,,
667.6753,DATA,Mouse:,Right,button,"up,","pos=(1113,519)",,,,,,,,,,,,,,,,,,,,,,,,,,,,,,,,,,,,,,,,,,,,
667.923,EXP,unnamed,ImageStim:,image,=,'stimuli-ha-sa\\incong-cong-HA\\cong-ha-48.png',,,,,,,,,,,,,,,,,,,,,,,,,,,,,,,,,,,,,,,,,,,,
669.3111,DATA,Mouse:,Left,button,"down,","pos=(1113,519)",,,,,,,,,,,,,,,,,,,,,,,,,,,,,,,,,,,,,,,,,,,,
673.0263,DATA,Mouse:,Left,button,"up,","pos=(1113,519)",,,,,,,,,,,,,,,,,,,,,,,,,,,,,,,,,,,,,,,,,,,,
673.2612,EXP,unnamed,ImageStim:,image,=,'stimuli-ha-sa\\incong-cong-SA\\incong-sa-51.png',,,,,,,,,,,,,,,,,,,,,,,,,,,,,,,,,,,,,,,,,,,,
674.6151,DATA,Mouse:,Right,button,"down,","pos=(1113,519)",,,,,,,,,,,,,,,,,,,,,,,,,,,,,,,,,,,,,,,,,,,,
678.3943,DATA,Mouse:,Right,button,"up,","pos=(1113,519)",,,,,,,,,,,,,,,,,,,,,,,,,,,,,,,,,,,,,,,,,,,,
678.6324,EXP,unnamed,ImageStim:,image,=,'stimuli-ha-sa\\incong-cong-SA\\cong-sa-49.png',,,,,,,,,,,,,,,,,,,,,,,,,,,,,,,,,,,,,,,,,,,,
681.6791,DATA,Mouse:,Left,button,"down,","pos=(1113,519)",,,,,,,,,,,,,,,,,,,,,,,,,,,,,,,,,,,,,,,,,,,,
685.0001,DATA,Mouse:,Left,button,"up,","pos=(1113,519)",,,,,,,,,,,,,,,,,,,,,,,,,,,,,,,,,,,,,,,,,,,,
685.2398,EXP,unnamed,ImageStim:,image,=,'stimuli-ha-sa\\incong-cong-HA\\incong-ha-28.png',,,,,,,,,,,,,,,,,,,,,,,,,,,,,,,,,,,,,,,,,,,,
686.7831,DATA,Mouse:,Right,button,"down,","pos=(1113,519)",,,,,,,,,,,,,,,,,,,,,,,,,,,,,,,,,,,,,,,,,,,,
690.6645,DATA,Mouse:,Right,button,"up,","pos=(1113,519)",,,,,,,,,,,,,,,,,,,,,,,,,,,,,,,,,,,,,,,,,,,,
690.9123,EXP,unnamed,ImageStim:,image,=,'stimuli-ha-sa\\incong-cong-SA\\incong-sa-17.png',,,,,,,,,,,,,,,,,,,,,,,,,,,,,,,,,,,,,,,,,,,,
692.263,DATA,Mouse:,Right,button,"down,","pos=(1113,519)",,,,,,,,,,,,,,,,,,,,,,,,,,,,,,,,,,,,,,,,,,,,
696.1153,DATA,Mouse:,Right,button,"up,","pos=(1113,519)",,,,,,,,,,,,,,,,,,,,,,,,,,,,,,,,,,,,,,,,,,,,
696.35,EXP,unnamed,ImageStim:,image,=,'stimuli-ha-sa\\incong-cong-HA\\cong-ha-26.png',,,,,,,,,,,,,,,,,,,,,,,,,,,,,,,,,,,,,,,,,,,,
697.6391,DATA,Mouse:,Left,button,"down,","pos=(1113,519)",,,,,,,,,,,,,,,,,,,,,,,,,,,,,,,,,,,,,,,,,,,,
702.4905,DATA,Mouse:,Left,button,"up,","pos=(1113,519)",,,,,,,,,,,,,,,,,,,,,,,,,,,,,,,,,,,,,,,,,,,,
702.7406,EXP,unnamed,ImageStim:,image,=,'stimuli-ha-sa\\incong-cong-SA\\incong-sa-48.png',,,,,,,,,,,,,,,,,,,,,,,,,,,,,,,,,,,,,,,,,,,,
704.7511,DATA,Mouse:,Right,button,"down,","pos=(1113,519)",,,,,,,,,,,,,,,,,,,,,,,,,,,,,,,,,,,,,,,,,,,,
708.6056,DATA,Mouse:,Right,button,"up,","pos=(1113,519)",,,,,,,,,,,,,,,,,,,,,,,,,,,,,,,,,,,,,,,,,,,,
708.8469,EXP,unnamed,ImageStim:,image,=,'stimuli-ha-sa\\incong-cong-SA\\cong-sa-45.png',,,,,,,,,,,,,,,,,,,,,,,,,,,,,,,,,,,,,,,,,,,,
711.111,DATA,Mouse:,Left,button,"down,","pos=(1113,519)",,,,,,,,,,,,,,,,,,,,,,,,,,,,,,,,,,,,,,,,,,,,
711.2448,DATA,Mouse:,Left,button,"up,","pos=(1113,519)",,,,,,,,,,,,,,,,,,,,,,,,,,,,,,,,,,,,,,,,,,,,
714.8852,EXP,unnamed,ImageStim:,image,=,'stimuli-ha-sa\\incong-cong-SA\\cong-sa-37.png',,,,,,,,,,,,,,,,,,,,,,,,,,,,,,,,,,,,,,,,,,,,
716.5512,DATA,Mouse:,Left,button,"down,","pos=(1113,519)",,,,,,,,,,,,,,,,,,,,,,,,,,,,,,,,,,,,,,,,,,,,
719.5293,DATA,Mouse:,Left,button,"up,","pos=(1113,519)",,,,,,,,,,,,,,,,,,,,,,,,,,,,,,,,,,,,,,,,,,,,
719.7743,EXP,unnamed,ImageStim:,image,=,'stimuli-ha-sa\\incong-cong-HA\\incong-ha-36.png',,,,,,,,,,,,,,,,,,,,,,,,,,,,,,,,,,,,,,,,,,,,
722.4551,DATA,Mouse:,Left,button,"down,","pos=(1113,519)",,,,,,,,,,,,,,,,,,,,,,,,,,,,,,,,,,,,,,,,,,,,
727.0577,DATA,Mouse:,Left,button,"up,","pos=(1113,519)",,,,,,,,,,,,,,,,,,,,,,,,,,,,,,,,,,,,,,,,,,,,
727.2985,EXP,unnamed,ImageStim:,image,=,'stimuli-ha-sa\\incong-cong-SA\\cong-sa-22.png',,,,,,,,,,,,,,,,,,,,,,,,,,,,,,,,,,,,,,,,,,,,
728.7831,DATA,Mouse:,Left,button,"down,","pos=(1113,519)",,,,,,,,,,,,,,,,,,,,,,,,,,,,,,,,,,,,,,,,,,,,
731.7654,DATA,Mouse:,Left,button,"up,","pos=(1113,519)",,,,,,,,,,,,,,,,,,,,,,,,,,,,,,,,,,,,,,,,,,,,
732.0024,EXP,unnamed,ImageStim:,image,=,'stimuli-ha-sa\\incong-cong-HA\\cong-ha-29.png',,,,,,,,,,,,,,,,,,,,,,,,,,,,,,,,,,,,,,,,,,,,
733.5752,DATA,Mouse:,Left,button,"down,","pos=(1113,519)",,,,,,,,,,,,,,,,,,,,,,,,,,,,,,,,,,,,,,,,,,,,
737.3534,DATA,Mouse:,Left,button,"up,","pos=(1113,519)",,,,,,,,,,,,,,,,,,,,,,,,,,,,,,,,,,,,,,,,,,,,
737.5921,EXP,unnamed,ImageStim:,image,=,'stimuli-ha-sa\\incong-cong-HA\\cong-ha-7.png',,,,,,,,,,,,,,,,,,,,,,,,,,,,,,,,,,,,,,,,,,,,
739.2552,DATA,Mouse:,Left,button,"down,","pos=(1113,519)",,,,,,,,,,,,,,,,,,,,,,,,,,,,,,,,,,,,,,,,,,,,
744.4023,DATA,Mouse:,Left,button,"up,","pos=(1113,519)",,,,,,,,,,,,,,,,,,,,,,,,,,,,,,,,,,,,,,,,,,,,
744.6492,EXP,unnamed,ImageStim:,image,=,'stimuli-ha-sa\\incong-cong-SA\\incong-sa-47.png',,,,,,,,,,,,,,,,,,,,,,,,,,,,,,,,,,,,,,,,,,,,
746.0153,DATA,Mouse:,Right,button,"down,","pos=(1113,519)",,,,,,,,,,,,,,,,,,,,,,,,,,,,,,,,,,,,,,,,,,,,
746.1648,DATA,Mouse:,Right,button,"up,","pos=(1113,519)",,,,,,,,,,,,,,,,,,,,,,,,,,,,,,,,,,,,,,,,,,,,
750.672,EXP,unnamed,ImageStim:,image,=,'stimuli-ha-sa\\incong-cong-SA\\cong-sa-6.png',,,,,,,,,,,,,,,,,,,,,,,,,,,,,,,,,,,,,,,,,,,,
752.0153,DATA,Mouse:,Left,button,"down,","pos=(1113,519)",,,,,,,,,,,,,,,,,,,,,,,,,,,,,,,,,,,,,,,,,,,,
755.7066,DATA,Mouse:,Left,button,"up,","pos=(1113,519)",,,,,,,,,,,,,,,,,,,,,,,,,,,,,,,,,,,,,,,,,,,,
755.943,EXP,unnamed,ImageStim:,image,=,'stimuli-ha-sa\\incong-cong-HA\\incong-ha-37.png',,,,,,,,,,,,,,,,,,,,,,,,,,,,,,,,,,,,,,,,,,,,
757.6632,DATA,Mouse:,Right,button,"down,","pos=(1113,519)",,,,,,,,,,,,,,,,,,,,,,,,,,,,,,,,,,,,,,,,,,,,
761.5852,DATA,Mouse:,Right,button,"up,","pos=(1113,519)",,,,,,,,,,,,,,,,,,,,,,,,,,,,,,,,,,,,,,,,,,,,
761.8331,EXP,unnamed,ImageStim:,image,=,'stimuli-ha-sa\\incong-cong-HA\\cong-ha-23.png',,,,,,,,,,,,,,,,,,,,,,,,,,,,,,,,,,,,,,,,,,,,
763.2794,DATA,Mouse:,Left,button,"down,","pos=(1113,519)",,,,,,,,,,,,,,,,,,,,,,,,,,,,,,,,,,,,,,,,,,,,
767.017,DATA,Mouse:,Left,button,"up,","pos=(1113,519)",,,,,,,,,,,,,,,,,,,,,,,,,,,,,,,,,,,,,,,,,,,,
767.2551,EXP,unnamed,ImageStim:,image,=,'stimuli-ha-sa\\incong-cong-HA\\incong-ha-25.png',,,,,,,,,,,,,,,,,,,,,,,,,,,,,,,,,,,,,,,,,,,,
768.6553,DATA,Mouse:,Right,button,"down,","pos=(1113,519)",,,,,,,,,,,,,,,,,,,,,,,,,,,,,,,,,,,,,,,,,,,,
772.4666,DATA,Mouse:,Right,button,"up,","pos=(1113,519)",,,,,,,,,,,,,,,,,,,,,,,,,,,,,,,,,,,,,,,,,,,,
772.7105,EXP,unnamed,ImageStim:,image,=,'stimuli-ha-sa\\incong-cong-SA\\incong-sa-24.png',,,,,,,,,,,,,,,,,,,,,,,,,,,,,,,,,,,,,,,,,,,,
773.983,DATA,Mouse:,Right,button,"down,","pos=(1113,519)",,,,,,,,,,,,,,,,,,,,,,,,,,,,,,,,,,,,,,,,,,,,
778.6756,DATA,Mouse:,Right,button,"up,","pos=(1113,519)",,,,,,,,,,,,,,,,,,,,,,,,,,,,,,,,,,,,,,,,,,,,
778.9168,EXP,unnamed,ImageStim:,image,=,'stimuli-ha-sa\\incong-cong-HA\\incong-ha-34.png',,,,,,,,,,,,,,,,,,,,,,,,,,,,,,,,,,,,,,,,,,,,
780.287,DATA,Mouse:,Right,button,"down,","pos=(1113,519)",,,,,,,,,,,,,,,,,,,,,,,,,,,,,,,,,,,,,,,,,,,,
784.7924,DATA,Mouse:,Right,button,"up,","pos=(1113,519)",,,,,,,,,,,,,,,,,,,,,,,,,,,,,,,,,,,,,,,,,,,,
785.0396,EXP,unnamed,ImageStim:,image,=,'stimuli-ha-sa\\incong-cong-HA\\cong-ha-45.png',,,,,,,,,,,,,,,,,,,,,,,,,,,,,,,,,,,,,,,,,,,,
786.7751,DATA,Mouse:,Left,button,"down,","pos=(1113,519)",,,,,,,,,,,,,,,,,,,,,,,,,,,,,,,,,,,,,,,,,,,,
789.7531,DATA,Mouse:,Left,button,"up,","pos=(1113,519)",,,,,,,,,,,,,,,,,,,,,,,,,,,,,,,,,,,,,,,,,,,,
799.7773,DATA,Mouse:,Left,button,"down,","pos=(1113,519)",,,,,,,,,,,,,,,,,,,,,,,,,,,,,,,,,,,,,,,,,,,,
799.7776,DATA,Mouse:,Left,button,"up,","pos=(1113,519)",,,,,,,,,,,,,,,,,,,,,,,,,,,,,,,,,,,,,,,,,,,,
799.7784,DATA,Keypress:,space,,,,,,,,,,,,,,,,,,,,,,,,,,,,,,,,,,,,,,,,,,,,,,,
800.6835,EXP,window1:,mouseVisible,=,TRUE,,,,,,,,,,,,,,,,,,,,,,,,,,,,,,,,,,,,,,,,,,,,,
