,time,type,component,response,type_stim,scroll,stimuli,filename,congruency,emotion,response_time,correct,subject
0,63.5401,EXP,unnamed,Left,image,=,'stimuli-ha-sa\\incong-cong-HA\\cong-ha-39.png',cong-ha-39.png,cong,happy,3.5812999999999917,True,cey
1,70.4303,EXP,unnamed,Right,image,=,'stimuli-ha-sa\\incong-cong-HA\\incong-ha-19.png',incong-ha-19.png,incong,happy,1.4268,True,cey
2,76.1352,EXP,unnamed,Right,image,=,'stimuli-ha-sa\\incong-cong-HA\\incong-ha-23.png',incong-ha-23.png,incong,happy,0.9624000000000024,True,cey
3,81.1578,EXP,unnamed,Right,image,=,'stimuli-ha-sa\\incong-cong-SA\\incong-sa-19.png',incong-sa-19.png,incong,sad,1.2513000000000005,True,cey
4,85.9116,EXP,unnamed,Left,image,=,'stimuli-ha-sa\\incong-cong-SA\\cong-sa-46.png',cong-sa-46.png,cong,sad,1.033399999999986,True,cey
5,91.418,EXP,unnamed,Right,image,=,'stimuli-ha-sa\\incong-cong-SA\\incong-sa-39.png',incong-sa-39.png,incong,sad,1.007099999999994,True,cey
6,95.9217,EXP,unnamed,Left,image,=,'stimuli-ha-sa\\incong-cong-HA\\cong-ha-49.png',cong-ha-49.png,cong,happy,1.3275000000000006,True,cey
7,100.4095,EXP,unnamed,Left,image,=,'stimuli-ha-sa\\incong-cong-HA\\cong-ha-37.png',cong-ha-37.png,cong,happy,1.3355999999999995,True,cey
8,106.5164,EXP,unnamed,Right,image,=,'stimuli-ha-sa\\incong-cong-SA\\incong-sa-23.png',incong-sa-23.png,incong,sad,1.3726999999999947,True,cey
9,112.4059,EXP,unnamed,Right,image,=,'stimuli-ha-sa\\incong-cong-SA\\incong-sa-24.png',incong-sa-24.png,incong,sad,1.4110999999999905,True,cey
10,117.5442,EXP,unnamed,Right,image,=,'stimuli-ha-sa\\incong-cong-SA\\incong-sa-51.png',incong-sa-51.png,incong,sad,1.2888999999999982,True,cey
11,123.1665,EXP,unnamed,Left,image,=,'stimuli-ha-sa\\incong-cong-SA\\cong-sa-43.png',cong-sa-43.png,cong,sad,1.354699999999994,True,cey
12,128.9055,EXP,unnamed,Left,image,=,'stimuli-ha-sa\\incong-cong-HA\\cong-ha-47.png',cong-ha-47.png,cong,happy,1.519500000000022,True,cey
13,134.8614,EXP,unnamed,Left,image,=,'stimuli-ha-sa\\incong-cong-SA\\cong-sa-38.png',cong-sa-38.png,cong,sad,2.6596999999999866,True,cey
14,142.2688,EXP,unnamed,Right,image,=,'stimuli-ha-sa\\incong-cong-SA\\incong-sa-33.png',incong-sa-33.png,incong,sad,1.4122999999999877,True,cey
15,148.8589,EXP,unnamed,Right,image,=,'stimuli-ha-sa\\incong-cong-SA\\incong-sa-12.png',incong-sa-12.png,incong,sad,1.3420999999999879,True,cey
16,155.115,EXP,unnamed,Right,image,=,'stimuli-ha-sa\\incong-cong-HA\\incong-ha-16.png',incong-ha-16.png,incong,happy,1.3341999999999814,True,cey
17,160.2368,EXP,unnamed,Right,image,=,'stimuli-ha-sa\\incong-cong-SA\\incong-sa-44.png',incong-sa-44.png,incong,sad,1.4283000000000072,True,cey
18,165.6079,EXP,unnamed,Left,image,=,'stimuli-ha-sa\\incong-cong-SA\\cong-sa-10.png',cong-sa-10.png,cong,sad,1.5372999999999877,True,cey
19,171.3646,EXP,unnamed,Left,image,=,'stimuli-ha-sa\\incong-cong-HA\\cong-ha-42.png',cong-ha-42.png,cong,happy,2.5412000000000035,True,cey
20,178.7219,EXP,unnamed,Left,image,=,'stimuli-ha-sa\\incong-cong-SA\\cong-sa-32.png',cong-sa-32.png,cong,sad,1.4872000000000014,True,cey
21,184.0606,EXP,unnamed,Left,image,=,'stimuli-ha-sa\\incong-cong-SA\\cong-sa-7.png',cong-sa-7.png,cong,sad,1.3564000000000078,True,cey
22,188.5483,EXP,unnamed,Left,image,=,'stimuli-ha-sa\\incong-cong-HA\\cong-ha-20.png',cong-ha-20.png,cong,happy,1.4127999999999759,True,cey
23,193.3691,EXP,unnamed,Right,image,=,'stimuli-ha-sa\\incong-cong-HA\\incong-ha-38.png',incong-ha-38.png,incong,happy,1.7520000000000095,True,cey
24,199.9766,EXP,unnamed,Left,image,=,'stimuli-ha-sa\\incong-cong-SA\\cong-sa-27.png',cong-sa-27.png,cong,sad,1.4085000000000036,True,cey
25,206.0659,EXP,unnamed,Left,image,=,'stimuli-ha-sa\\incong-cong-SA\\cong-sa-22.png',cong-sa-22.png,cong,sad,1.2951999999999941,True,cey
26,212.1386,EXP,unnamed,Right,image,=,'stimuli-ha-sa\\incong-cong-HA\\incong-ha-35.png',incong-ha-35.png,incong,happy,1.2784000000000049,True,cey
27,217.7109,EXP,unnamed,Left,image,=,'stimuli-ha-sa\\incong-cong-SA\\cong-sa-44.png',cong-sa-44.png,cong,sad,1.4423999999999921,True,cey
28,223.7168,EXP,unnamed,Right,image,=,'stimuli-ha-sa\\incong-cong-SA\\incong-sa-35.png',incong-sa-35.png,incong,sad,1.2683999999999855,True,cey
29,228.7552,EXP,unnamed,Left,image,=,'stimuli-ha-sa\\incong-cong-SA\\cong-sa-48.png',cong-sa-48.png,cong,sad,1.541799999999995,True,cey
30,234.9616,EXP,unnamed,Right,image,=,'stimuli-ha-sa\\incong-cong-SA\\incong-sa-53.png',incong-sa-53.png,incong,sad,1.303699999999992,True,cey
31,240.0498,EXP,unnamed,Left,image,=,'stimuli-ha-sa\\incong-cong-HA\\cong-ha-12.png',cong-ha-12.png,cong,happy,1.3833999999999946,True,cey
32,245.0216,EXP,unnamed,Left,image,=,'stimuli-ha-sa\\incong-cong-SA\\cong-sa-26.png',cong-sa-26.png,cong,sad,1.299599999999998,True,cey
33,251.211,EXP,unnamed,Left,image,=,'stimuli-ha-sa\\incong-cong-HA\\cong-ha-7.png',cong-ha-7.png,cong,happy,1.430199999999985,True,cey
34,257.3338,EXP,unnamed,Right,image,=,'stimuli-ha-sa\\incong-cong-SA\\incong-sa-36.png',incong-sa-36.png,incong,sad,1.3793000000000006,True,cey
35,262.8218,EXP,unnamed,Left,image,=,'stimuli-ha-sa\\incong-cong-HA\\cong-ha-53.png',cong-ha-53.png,cong,happy,1.3240999999999872,True,cey
36,268.6619,EXP,unnamed,Left,image,=,'stimuli-ha-sa\\incong-cong-HA\\cong-ha-14.png',cong-ha-14.png,cong,happy,1.259299999999996,True,cey
37,273.3164,EXP,unnamed,Left,image,=,'stimuli-ha-sa\\incong-cong-SA\\cong-sa-21.png',cong-sa-21.png,cong,sad,1.3647000000000276,True,cey
38,279.6394,EXP,unnamed,Right,image,=,'stimuli-ha-sa\\incong-cong-SA\\incong-sa-32.png',incong-sa-32.png,incong,sad,1.337699999999984,True,cey
39,285.7614,EXP,unnamed,Right,image,=,'stimuli-ha-sa\\incong-cong-HA\\incong-ha-49.png',incong-ha-49.png,incong,happy,1.2877000000000294,True,cey
40,290.6504,EXP,unnamed,Right,image,=,'stimuli-ha-sa\\incong-cong-HA\\incong-ha-39.png',incong-ha-39.png,incong,happy,1.302599999999984,True,cey
41,295.3719,EXP,unnamed,Left,image,=,'stimuli-ha-sa\\incong-cong-SA\\cong-sa-42.png',cong-sa-42.png,cong,sad,2.013300000000015,True,cey
42,301.4449,EXP,unnamed,Right,image,=,'stimuli-ha-sa\\incong-cong-SA\\incong-sa-15.png',incong-sa-15.png,incong,sad,1.220199999999977,True,cey
43,306.5998,EXP,unnamed,Left,image,=,'stimuli-ha-sa\\incong-cong-SA\\cong-sa-14.png',cong-sa-14.png,cong,sad,1.4575999999999567,True,cey
44,312.2887,EXP,unnamed,Left,image,=,'stimuli-ha-sa\\incong-cong-HA\\cong-ha-23.png',cong-ha-23.png,cong,happy,1.2805999999999926,True,cey
45,318.645,EXP,unnamed,Right,image,=,'stimuli-ha-sa\\incong-cong-SA\\incong-sa-10.png',incong-sa-10.png,incong,sad,1.2440000000000282,True,cey
46,324.7682,EXP,unnamed,Right,image,=,'stimuli-ha-sa\\incong-cong-SA\\incong-sa-17.png',incong-sa-17.png,incong,sad,1.328800000000001,True,cey
47,329.5227,EXP,unnamed,Left,image,=,'stimuli-ha-sa\\incong-cong-SA\\cong-sa-36.png',cong-sa-36.png,cong,sad,1.4943000000000097,True,cey
48,334.528,EXP,unnamed,Left,image,=,'stimuli-ha-sa\\incong-cong-SA\\cong-sa-16.png',cong-sa-16.png,cong,sad,1.3929999999999723,True,cey
49,339.983,EXP,unnamed,Right,image,=,'stimuli-ha-sa\\incong-cong-SA\\incong-sa-34.png',incong-sa-34.png,incong,sad,1.4662000000000148,True,cey
50,344.621,EXP,unnamed,Left,image,=,'stimuli-ha-sa\\incong-cong-HA\\cong-ha-10.png',cong-ha-10.png,cong,happy,1.268000000000029,True,cey
51,350.8773,EXP,unnamed,Left,image,=,'stimuli-ha-sa\\incong-cong-HA\\cong-ha-8.png',cong-ha-8.png,cong,happy,1.2916999999999916,True,cey
52,356.1326,EXP,unnamed,Left,image,=,'stimuli-ha-sa\\incong-cong-SA\\cong-sa-53.png',cong-sa-53.png,cong,sad,1.292699999999968,True,cey
53,362.2386,EXP,unnamed,Left,image,=,'stimuli-ha-sa\\incong-cong-SA\\cong-sa-11.png',cong-sa-11.png,cong,sad,1.402499999999975,True,cey
54,367.0769,EXP,unnamed,Right,image,=,'stimuli-ha-sa\\incong-cong-SA\\incong-sa-3.png',incong-sa-3.png,incong,sad,1.2922999999999547,True,cey
55,373.0995,EXP,unnamed,Left,image,=,'stimuli-ha-sa\\incong-cong-HA\\cong-ha-22.png',cong-ha-22.png,cong,happy,1.3736000000000104,True,cey
56,379.1046,EXP,unnamed,Left,image,=,'stimuli-ha-sa\\incong-cong-SA\\cong-sa-13.png',cong-sa-13.png,cong,sad,1.6245999999999867,True,cey
57,385.5953,EXP,unnamed,Right,image,=,'stimuli-ha-sa\\incong-cong-HA\\incong-ha-41.png',incong-ha-41.png,incong,happy,1.3256999999999834,True,cey
58,390.9507,EXP,unnamed,Right,image,=,'stimuli-ha-sa\\incong-cong-HA\\incong-ha-10.png',incong-ha-10.png,incong,happy,1.3944000000000187,True,cey
59,396.6563,EXP,unnamed,Right,image,=,'stimuli-ha-sa\\incong-cong-HA\\incong-ha-6.png',incong-ha-6.png,incong,happy,1.2728999999999928,True,cey
60,401.5612,EXP,unnamed,Right,image,=,'stimuli-ha-sa\\incong-cong-HA\\incong-ha-24.png',incong-ha-24.png,incong,happy,1.4961000000000126,True,cey
61,406.3329,EXP,unnamed,Right,image,=,'stimuli-ha-sa\\incong-cong-HA\\incong-ha-9.png',incong-ha-9.png,incong,happy,1.2524000000000228,True,cey
62,411.7382,EXP,unnamed,Right,image,=,'stimuli-ha-sa\\incong-cong-HA\\incong-ha-26.png',incong-ha-26.png,incong,happy,1.271000000000015,True,cey
63,417.4429,EXP,unnamed,Right,image,=,'stimuli-ha-sa\\incong-cong-SA\\incong-sa-16.png',incong-sa-16.png,incong,sad,1.4221999999999753,True,cey
64,423.9004,EXP,unnamed,Right,image,=,'stimuli-ha-sa\\incong-cong-SA\\incong-sa-48.png',incong-sa-48.png,incong,sad,1.3009000000000128,True,cey
65,430.1898,EXP,unnamed,Right,image,=,'stimuli-ha-sa\\incong-cong-SA\\incong-sa-13.png',incong-sa-13.png,incong,sad,2.107399999999984,True,cey
66,435.8624,EXP,unnamed,Left,image,=,'stimuli-ha-sa\\incong-cong-HA\\cong-ha-29.png',cong-ha-29.png,cong,happy,1.314800000000048,True,cey
67,442.9197,EXP,unnamed,Right,image,=,'stimuli-ha-sa\\incong-cong-HA\\incong-ha-40.png',incong-ha-40.png,incong,happy,1.337500000000034,True,cey
68,449.2255,EXP,unnamed,Left,image,=,'stimuli-ha-sa\\incong-cong-SA\\cong-sa-45.png',cong-sa-45.png,cong,sad,1.7597999999999843,True,cey
69,455.3317,EXP,unnamed,Left,image,=,'stimuli-ha-sa\\incong-cong-HA\\cong-ha-31.png',cong-ha-31.png,cong,happy,1.245399999999961,True,cey
70,459.9364,EXP,unnamed,Right,image,=,'stimuli-ha-sa\\incong-cong-SA\\incong-sa-25.png',incong-sa-25.png,incong,sad,1.25690000000003,True,cey
71,465.5085,EXP,unnamed,Right,image,=,'stimuli-ha-sa\\incong-cong-HA\\incong-ha-29.png',incong-ha-29.png,incong,happy,1.5965999999999667,True,cey
72,471.8148,EXP,unnamed,Left,image,=,'stimuli-ha-sa\\incong-cong-HA\\cong-ha-35.png',cong-ha-35.png,cong,happy,1.3783999999999992,True,cey
73,478.3882,EXP,unnamed,Right,image,=,'stimuli-ha-sa\\incong-cong-HA\\incong-ha-28.png',incong-ha-28.png,incong,happy,1.7331000000000358,True,cey
74,484.8269,EXP,unnamed,Left,image,=,'stimuli-ha-sa\\incong-cong-HA\\cong-ha-52.png',cong-ha-52.png,cong,happy,1.3343999999999596,True,cey
75,490.0997,EXP,unnamed,Left,image,=,'stimuli-ha-sa\\incong-cong-HA\\cong-ha-3.png',cong-ha-3.png,cong,happy,1.2454999999999927,True,cey
76,495.6889,EXP,unnamed,Left,image,=,'stimuli-ha-sa\\incong-cong-HA\\cong-ha-38.png',cong-ha-38.png,cong,happy,1.2404000000000224,True,cey
77,500.3933,EXP,unnamed,Left,image,=,'stimuli-ha-sa\\incong-cong-HA\\cong-ha-26.png',cong-ha-26.png,cong,happy,1.2557999999999652,True,cey
78,505.0638,EXP,unnamed,Right,image,=,'stimuli-ha-sa\\incong-cong-SA\\incong-sa-28.png',incong-sa-28.png,incong,sad,1.6814999999999714,True,cey
79,511.5378,EXP,unnamed,Left,image,=,'stimuli-ha-sa\\incong-cong-SA\\cong-sa-35.png',cong-sa-35.png,cong,sad,1.351600000000019,True,cey
80,517.0099,EXP,unnamed,Right,image,=,'stimuli-ha-sa\\incong-cong-SA\\incong-sa-37.png',incong-sa-37.png,incong,sad,1.3273000000000366,True,cey
81,521.548,EXP,unnamed,Right,image,=,'stimuli-ha-sa\\incong-cong-SA\\incong-sa-27.png',incong-sa-27.png,incong,sad,1.7572000000000116,True,cey
82,527.9033,EXP,unnamed,Left,image,=,'stimuli-ha-sa\\incong-cong-SA\\cong-sa-40.png',cong-sa-40.png,cong,sad,1.321800000000053,True,cey
83,533.3087,EXP,unnamed,Left,image,=,'stimuli-ha-sa\\incong-cong-SA\\cong-sa-29.png',cong-sa-29.png,cong,sad,1.4123999999999342,True,cey
84,538.2645,EXP,unnamed,Right,image,=,'stimuli-ha-sa\\incong-cong-HA\\incong-ha-13.png',incong-ha-13.png,incong,happy,1.2486000000000104,True,cey
85,543.0527,EXP,unnamed,Left,image,=,'stimuli-ha-sa\\incong-cong-SA\\cong-sa-17.png',cong-sa-17.png,cong,sad,1.4127000000000862,True,cey
86,548.6749,EXP,unnamed,Right,image,=,'stimuli-ha-sa\\incong-cong-HA\\incong-ha-3.png',incong-ha-3.png,incong,happy,2.1825000000000045,True,cey
87,555.5987,EXP,unnamed,Right,image,=,'stimuli-ha-sa\\incong-cong-SA\\incong-sa-31.png',incong-sa-31.png,incong,sad,1.242399999999975,True,cey
88,560.5535,EXP,unnamed,Left,image,=,'stimuli-ha-sa\\incong-cong-SA\\cong-sa-31.png',cong-sa-31.png,cong,sad,1.4477000000000544,True,cey
89,565.9413,EXP,unnamed,Left,image,=,'stimuli-ha-sa\\incong-cong-HA\\cong-ha-1.png',cong-ha-1.png,cong,happy,1.2999000000000933,True,cey
90,571.6145,EXP,unnamed,Left,image,=,'stimuli-ha-sa\\incong-cong-HA\\cong-ha-9.png',cong-ha-9.png,cong,happy,1.2346999999999753,True,cey
91,577.3202,EXP,unnamed,Left,image,=,'stimuli-ha-sa\\incong-cong-HA\\cong-ha-44.png',cong-ha-44.png,cong,happy,1.2331000000000358,True,cey
92,582.9092,EXP,unnamed,Right,image,=,'stimuli-ha-sa\\incong-cong-HA\\incong-ha-17.png',incong-ha-17.png,incong,happy,1.2521999999999025,True,cey
93,588.4982,EXP,unnamed,Right,image,=,'stimuli-ha-sa\\incong-cong-SA\\incong-sa-6.png',incong-sa-6.png,incong,sad,1.2549999999999955,True,cey
94,593.519,EXP,unnamed,Left,image,=,'stimuli-ha-sa\\incong-cong-HA\\cong-ha-6.png',cong-ha-6.png,cong,happy,1.330000000000041,True,cey
95,599.5759,EXP,unnamed,Left,image,=,'stimuli-ha-sa\\incong-cong-SA\\cong-sa-52.png',cong-sa-52.png,cong,sad,1.2573999999999614,True,cey
96,604.4307,EXP,unnamed,Right,image,=,'stimuli-ha-sa\\incong-cong-SA\\incong-sa-20.png',incong-sa-20.png,incong,sad,1.290399999999977,True,cey
97,609.2855,EXP,unnamed,Right,image,=,'stimuli-ha-sa\\incong-cong-HA\\incong-ha-47.png',incong-ha-47.png,incong,happy,1.251800000000003,True,cey
98,614.5908,EXP,unnamed,Right,image,=,'stimuli-ha-sa\\incong-cong-HA\\incong-ha-44.png',incong-ha-44.png,incong,happy,1.2424000000000888,True,cey
99,620.0295,EXP,unnamed,Right,image,=,'stimuli-ha-sa\\incong-cong-HA\\incong-ha-42.png',incong-ha-42.png,incong,happy,1.3476000000000568,True,cey
100,625.6853,EXP,unnamed,Left,image,=,'stimuli-ha-sa\\incong-cong-HA\\cong-ha-36.png',cong-ha-36.png,cong,happy,1.283900000000017,True,cey
101,630.1063,EXP,unnamed,Left,image,=,'stimuli-ha-sa\\incong-cong-HA\\cong-ha-24.png',cong-ha-24.png,cong,happy,1.2469999999999573,True,cey
102,635.4617,EXP,unnamed,Right,image,=,'stimuli-ha-sa\\incong-cong-HA\\incong-ha-8.png',incong-ha-8.png,incong,happy,1.267500000000041,True,cey
103,639.9829,EXP,unnamed,Left,image,=,'stimuli-ha-sa\\incong-cong-SA\\cong-sa-1.png',cong-sa-1.png,cong,sad,1.3541999999999916,True,cey
104,644.8377,EXP,unnamed,Right,image,=,'stimuli-ha-sa\\incong-cong-HA\\incong-ha-45.png',incong-ha-45.png,incong,happy,1.3553999999999178,True,cey
105,650.9272,EXP,unnamed,Left,image,=,'stimuli-ha-sa\\incong-cong-SA\\cong-sa-2.png',cong-sa-2.png,cong,sad,1.241899999999987,True,cey
106,655.4817,EXP,unnamed,Left,image,=,'stimuli-ha-sa\\incong-cong-HA\\cong-ha-18.png',cong-ha-18.png,cong,happy,1.5513999999999442,True,cey
107,130.6515,EXP,unnamed,Left,image,=,'stimuli-ha-sa\\incong-cong-HA\\cong-ha-14.png',cong-ha-14.png,cong,happy,0.8246000000000038,True,kjy
108,140.3953,EXP,unnamed,Right,image,=,'stimuli-ha-sa\\incong-cong-SA\\cong-sa-31.png',cong-sa-31.png,cong,sad,1.7878000000000043,False,kjy
109,145.6506,EXP,unnamed,Right,image,=,'stimuli-ha-sa\\incong-cong-SA\\incong-sa-5.png',incong-sa-5.png,incong,sad,1.1724000000000103,True,kjy
110,150.1718,EXP,unnamed,Left,image,=,'stimuli-ha-sa\\incong-cong-SA\\cong-sa-25.png',cong-sa-25.png,cong,sad,1.0992999999999995,True,kjy
111,155.1767,EXP,unnamed,Right,image,=,'stimuli-ha-sa\\incong-cong-SA\\cong-sa-5.png',cong-sa-5.png,cong,sad,1.430499999999995,False,kjy
112,161.3996,EXP,unnamed,Left,image,=,'stimuli-ha-sa\\incong-cong-HA\\cong-ha-31.png',cong-ha-31.png,cong,happy,1.1756000000000029,True,kjy
113,167.389,EXP,unnamed,Right,image,=,'stimuli-ha-sa\\incong-cong-HA\\cong-ha-36.png',cong-ha-36.png,cong,happy,0.9861999999999966,False,kjy
114,171.8601,EXP,unnamed,Left,image,=,'stimuli-ha-sa\\incong-cong-HA\\cong-ha-41.png',cong-ha-41.png,cong,happy,0.8591000000000122,True,kjy
115,182.8211,EXP,unnamed,Right,image,=,'stimuli-ha-sa\\incong-cong-SA\\cong-sa-1.png',cong-sa-1.png,cong,sad,0.9368000000000052,False,kjy
116,193.1639,EXP,unnamed,Right,image,=,'stimuli-ha-sa\\incong-cong-SA\\incong-sa-26.png',incong-sa-26.png,incong,sad,2.7550999999999988,True,kjy
117,200.8549,EXP,unnamed,Right,image,=,'stimuli-ha-sa\\incong-cong-HA\\incong-ha-39.png',incong-ha-39.png,incong,happy,1.1283000000000243,True,kjy
118,205.2601,EXP,unnamed,Right,image,=,'stimuli-ha-sa\\incong-cong-HA\\incong-ha-18.png',incong-ha-18.png,incong,happy,1.0910000000000082,True,kjy
119,210.8161,EXP,unnamed,Right,image,=,'stimuli-ha-sa\\incong-cong-HA\\incong-ha-3.png',incong-ha-3.png,incong,happy,1.4869999999999948,True,kjy
120,216.755,EXP,unnamed,Left,image,=,'stimuli-ha-sa\\incong-cong-HA\\cong-ha-6.png',cong-ha-6.png,cong,happy,0.8935000000000173,True,kjy
121,227.1487,EXP,unnamed,Left,image,=,'stimuli-ha-sa\\incong-cong-HA\\cong-ha-22.png',cong-ha-22.png,cong,happy,1.3384000000000071,True,kjy
122,231.6531,EXP,unnamed,Right,image,=,'stimuli-ha-sa\\incong-cong-HA\\incong-ha-21.png',incong-ha-21.png,incong,happy,1.4899000000000058,True,kjy
123,238.1597,EXP,unnamed,Right,image,=,'stimuli-ha-sa\\incong-cong-HA\\cong-ha-35.png',cong-ha-35.png,cong,happy,1.7673000000000059,False,kjy
124,243.0646,EXP,unnamed,Right,image,=,'stimuli-ha-sa\\incong-cong-SA\\incong-sa-22.png',incong-sa-22.png,incong,sad,1.926499999999976,True,kjy
125,249.2533,EXP,unnamed,Right,image,=,'stimuli-ha-sa\\incong-cong-HA\\cong-ha-4.png',cong-ha-4.png,cong,happy,1.8819000000000017,False,kjy
126,254.6265,EXP,unnamed,Left,image,=,'stimuli-ha-sa\\incong-cong-SA\\cong-sa-30.png',cong-sa-30.png,cong,sad,5.276600000000002,True,kjy
127,263.9855,EXP,unnamed,Right,image,=,'stimuli-ha-sa\\incong-cong-HA\\incong-ha-9.png',incong-ha-9.png,incong,happy,3.6537999999999897,True,kjy
128,271.2252,EXP,unnamed,Right,image,=,'stimuli-ha-sa\\incong-cong-SA\\incong-sa-46.png',incong-sa-46.png,incong,sad,1.2620000000000005,True,kjy
129,277.3822,EXP,unnamed,Right,image,=,'stimuli-ha-sa\\incong-cong-SA\\incong-sa-14.png',incong-sa-14.png,incong,sad,0.8857999999999606,True,kjy
130,288.4758,EXP,unnamed,Right,image,=,'stimuli-ha-sa\\incong-cong-HA\\incong-ha-16.png',incong-ha-16.png,incong,happy,1.1152999999999906,True,kjy
131,293.7322,EXP,unnamed,Left,image,=,'stimuli-ha-sa\\incong-cong-HA\\cong-ha-30.png',cong-ha-30.png,cong,happy,1.2270000000000323,True,kjy
132,299.7045,EXP,unnamed,Right,image,=,'stimuli-ha-sa\\incong-cong-SA\\incong-sa-32.png',incong-sa-32.png,incong,sad,0.9986000000000104,True,kjy
133,305.8106,EXP,unnamed,Left,image,=,'stimuli-ha-sa\\incong-cong-HA\\cong-ha-9.png',cong-ha-9.png,cong,happy,0.8173999999999637,True,kjy
134,313.4349,EXP,unnamed,Right,image,=,'stimuli-ha-sa\\incong-cong-HA\\incong-ha-41.png',incong-ha-41.png,incong,happy,2.5961999999999534,True,kjy
135,320.1417,EXP,unnamed,Right,image,=,'stimuli-ha-sa\\incong-cong-HA\\incong-ha-19.png',incong-ha-19.png,incong,happy,3.033299999999997,True,kjy
136,326.6814,EXP,unnamed,Left,image,=,'stimuli-ha-sa\\incong-cong-SA\\cong-sa-24.png',cong-sa-24.png,cong,sad,2.133699999999976,True,kjy
137,333.0712,EXP,unnamed,Left,image,=,'stimuli-ha-sa\\incong-cong-HA\\cong-ha-11.png',cong-ha-11.png,cong,happy,2.184000000000026,True,kjy
138,339.4943,EXP,unnamed,Right,image,=,'stimuli-ha-sa\\incong-cong-HA\\incong-ha-15.png',incong-ha-15.png,incong,happy,5.248899999999992,True,kjy
139,348.9204,EXP,unnamed,Left,image,=,'stimuli-ha-sa\\incong-cong-SA\\cong-sa-39.png',cong-sa-39.png,cong,sad,1.0067000000000235,True,kjy
140,353.9921,EXP,unnamed,Left,image,=,'stimuli-ha-sa\\incong-cong-SA\\cong-sa-7.png',cong-sa-7.png,cong,sad,1.1680999999999813,True,kjy
141,358.3798,EXP,unnamed,Left,image,=,'stimuli-ha-sa\\incong-cong-SA\\cong-sa-13.png',cong-sa-13.png,cong,sad,1.459600000000023,True,kjy
142,364.9022,EXP,unnamed,Right,image,=,'stimuli-ha-sa\\incong-cong-SA\\incong-sa-38.png',incong-sa-38.png,incong,sad,0.9189999999999827,True,kjy
143,370.5745,EXP,unnamed,Left,image,=,'stimuli-ha-sa\\incong-cong-HA\\cong-ha-43.png',cong-ha-43.png,cong,happy,2.5686999999999784,True,kjy
144,378.2823,EXP,unnamed,Right,image,=,'stimuli-ha-sa\\incong-cong-SA\\incong-sa-13.png',incong-sa-13.png,incong,sad,0.932899999999961,True,kjy
145,384.3725,EXP,unnamed,Right,image,=,'stimuli-ha-sa\\incong-cong-SA\\incong-sa-29.png',incong-sa-29.png,incong,sad,0.9230000000000018,True,kjy
146,390.8289,EXP,unnamed,Right,image,=,'stimuli-ha-sa\\incong-cong-SA\\incong-sa-25.png',incong-sa-25.png,incong,sad,0.9031000000000518,True,kjy
147,395.5336,EXP,unnamed,Right,image,=,'stimuli-ha-sa\\incong-cong-SA\\incong-sa-2.png',incong-sa-2.png,incong,sad,0.9376000000000317,True,kjy
148,402.9577,EXP,unnamed,Right,image,=,'stimuli-ha-sa\\incong-cong-HA\\incong-ha-14.png',incong-ha-14.png,incong,happy,1.6654000000000337,True,kjy
149,408.6133,EXP,unnamed,Left,image,=,'stimuli-ha-sa\\incong-cong-HA\\cong-ha-33.png',cong-ha-33.png,cong,happy,1.1858000000000288,True,kjy
150,413.0169,EXP,unnamed,Left,image,=,'stimuli-ha-sa\\incong-cong-SA\\cong-sa-2.png',cong-sa-2.png,cong,sad,1.1021000000000072,True,kjy
151,418.3397,EXP,unnamed,Right,image,=,'stimuli-ha-sa\\incong-cong-SA\\incong-sa-10.png',incong-sa-10.png,incong,sad,0.8754000000000133,True,kjy
152,423.0269,EXP,unnamed,Right,image,=,'stimuli-ha-sa\\incong-cong-SA\\incong-sa-4.png',incong-sa-4.png,incong,sad,1.035699999999963,True,kjy
153,427.9152,EXP,unnamed,Left,image,=,'stimuli-ha-sa\\incong-cong-SA\\cong-sa-34.png',cong-sa-34.png,cong,sad,1.0678999999999519,True,kjy
154,432.8544,EXP,unnamed,Right,image,=,'stimuli-ha-sa\\incong-cong-HA\\incong-ha-20.png',incong-ha-20.png,incong,happy,1.192799999999977,True,kjy
155,437.509,EXP,unnamed,Right,image,=,'stimuli-ha-sa\\incong-cong-SA\\incong-sa-20.png',incong-sa-20.png,incong,sad,1.0341999999999985,True,kjy
156,443.5149,EXP,unnamed,Right,image,=,'stimuli-ha-sa\\incong-cong-HA\\incong-ha-45.png',incong-ha-45.png,incong,happy,1.9003999999999905,True,kjy
157,449.4709,EXP,unnamed,Left,image,=,'stimuli-ha-sa\\incong-cong-HA\\cong-ha-12.png',cong-ha-12.png,cong,happy,0.8346000000000231,True,kjy
158,456.3277,EXP,unnamed,Right,image,=,'stimuli-ha-sa\\incong-cong-HA\\incong-ha-33.png',incong-ha-33.png,incong,happy,1.3673000000000002,True,kjy
159,462.6832,EXP,unnamed,Right,image,=,'stimuli-ha-sa\\incong-cong-SA\\incong-sa-30.png',incong-sa-30.png,incong,sad,0.9315000000000282,True,kjy
160,469.3065,EXP,unnamed,Left,image,=,'stimuli-ha-sa\\incong-cong-HA\\cong-ha-34.png',cong-ha-34.png,cong,happy,1.5646999999999593,True,kjy
161,475.2299,EXP,unnamed,Right,image,=,'stimuli-ha-sa\\incong-cong-SA\\cong-sa-43.png',cong-sa-43.png,cong,sad,2.0252000000000407,False,kjy
162,481.819,EXP,unnamed,Left,image,=,'stimuli-ha-sa\\incong-cong-SA\\cong-sa-28.png',cong-sa-28.png,cong,sad,1.5802999999999656,True,kjy
163,488.3422,EXP,unnamed,Left,image,=,'stimuli-ha-sa\\incong-cong-SA\\cong-sa-11.png',cong-sa-11.png,cong,sad,0.921100000000024,True,kjy
164,496.6672,EXP,unnamed,Right,image,=,'stimuli-ha-sa\\incong-cong-SA\\incong-sa-27.png',incong-sa-27.png,incong,sad,2.2999000000000365,True,kjy
165,503.4248,EXP,unnamed,Left,image,=,'stimuli-ha-sa\\incong-cong-SA\\cong-sa-36.png',cong-sa-36.png,cong,sad,2.1505000000000223,True,kjy
166,510.0316,EXP,unnamed,Left,image,=,'stimuli-ha-sa\\incong-cong-SA\\cong-sa-4.png',cong-sa-4.png,cong,sad,2.279899999999998,True,kjy
167,516.6705,EXP,unnamed,Left,image,=,'stimuli-ha-sa\\incong-cong-HA\\cong-ha-50.png',cong-ha-50.png,cong,happy,0.9585000000000719,True,kjy
168,522.8442,EXP,unnamed,Left,image,=,'stimuli-ha-sa\\incong-cong-HA\\cong-ha-5.png',cong-ha-5.png,cong,happy,0.9229000000000269,True,kjy
169,530.9356,EXP,unnamed,Right,image,=,'stimuli-ha-sa\\incong-cong-SA\\cong-sa-16.png',cong-sa-16.png,cong,sad,0.8171999999999571,False,kjy
170,536.9416,EXP,unnamed,Right,image,=,'stimuli-ha-sa\\incong-cong-SA\\incong-sa-45.png',incong-sa-45.png,incong,sad,1.5534000000000106,True,kjy
171,542.03,EXP,unnamed,Left,image,=,'stimuli-ha-sa\\incong-cong-SA\\cong-sa-17.png',cong-sa-17.png,cong,sad,1.217300000000023,True,kjy
172,547.986,EXP,unnamed,Right,image,=,'stimuli-ha-sa\\incong-cong-HA\\incong-ha-11.png',incong-ha-11.png,incong,happy,0.9411000000000058,True,kjy
173,553.3747,EXP,unnamed,Left,image,=,'stimuli-ha-sa\\incong-cong-HA\\cong-ha-47.png',cong-ha-47.png,cong,happy,0.9524999999999864,True,kjy
174,558.6633,EXP,unnamed,Right,image,=,'stimuli-ha-sa\\incong-cong-SA\\incong-sa-33.png',incong-sa-33.png,incong,sad,2.2159999999998945,True,kjy
175,566.0878,EXP,unnamed,Right,image,=,'stimuli-ha-sa\\incong-cong-SA\\incong-sa-34.png',incong-sa-34.png,incong,sad,1.063199999999938,True,kjy
176,572.2769,EXP,unnamed,Right,image,=,'stimuli-ha-sa\\incong-cong-HA\\incong-ha-1.png',incong-ha-1.png,incong,happy,0.907100000000014,True,kjy
177,577.833,EXP,unnamed,Left,image,=,'stimuli-ha-sa\\incong-cong-HA\\cong-ha-27.png',cong-ha-27.png,cong,happy,1.0620999999999867,True,kjy
178,582.3036,EXP,unnamed,Right,image,=,'stimuli-ha-sa\\incong-cong-HA\\incong-ha-13.png',incong-ha-13.png,incong,happy,0.983600000000024,True,kjy
179,587.9425,EXP,unnamed,Left,image,=,'stimuli-ha-sa\\incong-cong-SA\\cong-sa-26.png',cong-sa-26.png,cong,sad,1.2245000000000346,True,kjy
180,593.2646,EXP,unnamed,Right,image,=,'stimuli-ha-sa\\incong-cong-HA\\incong-ha-40.png',incong-ha-40.png,incong,happy,1.3666000000000622,True,kjy
181,597.9195,EXP,unnamed,Right,image,=,'stimuli-ha-sa\\incong-cong-HA\\incong-ha-38.png',incong-ha-38.png,incong,happy,2.5597000000000207,True,kjy
182,604.9595,EXP,unnamed,Right,image,=,'stimuli-ha-sa\\incong-cong-SA\\incong-sa-6.png',incong-sa-6.png,incong,sad,1.3436999999998989,True,kjy
183,610.6152,EXP,unnamed,Left,image,=,'stimuli-ha-sa\\incong-cong-HA\\cong-ha-21.png',cong-ha-21.png,cong,happy,1.37600000000009,True,kjy
184,616.8715,EXP,unnamed,Right,image,=,'stimuli-ha-sa\\incong-cong-HA\\incong-ha-44.png',incong-ha-44.png,incong,happy,1.3596999999999753,True,kjy
185,621.743,EXP,unnamed,Right,image,=,'stimuli-ha-sa\\incong-cong-HA\\incong-ha-17.png',incong-ha-17.png,incong,happy,1.392099999999914,True,kjy
186,626.3309,EXP,unnamed,Right,image,=,'stimuli-ha-sa\\incong-cong-SA\\incong-sa-8.png',incong-sa-8.png,incong,sad,1.4361000000000104,True,kjy
187,631.9698,EXP,unnamed,Right,image,=,'stimuli-ha-sa\\incong-cong-HA\\incong-ha-53.png',incong-ha-53.png,incong,happy,1.3894000000000233,True,kjy
188,637.1751,EXP,unnamed,Left,image,=,'stimuli-ha-sa\\incong-cong-HA\\cong-ha-25.png',cong-ha-25.png,cong,happy,1.6558999999999742,True,kjy
189,642.8308,EXP,unnamed,Right,image,=,'stimuli-ha-sa\\incong-cong-HA\\incong-ha-22.png',incong-ha-22.png,incong,happy,1.3524000000001024,True,kjy
190,647.8524,EXP,unnamed,Left,image,=,'stimuli-ha-sa\\incong-cong-SA\\cong-sa-27.png',cong-sa-27.png,cong,sad,1.4990000000000236,True,kjy
191,654.0587,EXP,unnamed,Right,image,=,'stimuli-ha-sa\\incong-cong-HA\\incong-ha-2.png',incong-ha-2.png,incong,happy,2.708699999999908,True,kjy
192,660.7311,EXP,unnamed,Right,image,=,'stimuli-ha-sa\\incong-cong-HA\\cong-ha-3.png',cong-ha-3.png,cong,happy,2.092200000000048,False,kjy
193,667.923,EXP,unnamed,Left,image,=,'stimuli-ha-sa\\incong-cong-HA\\cong-ha-48.png',cong-ha-48.png,cong,happy,1.3881000000000085,True,kjy
194,673.2612,EXP,unnamed,Right,image,=,'stimuli-ha-sa\\incong-cong-SA\\incong-sa-51.png',incong-sa-51.png,incong,sad,1.3538999999999533,True,kjy
195,678.6324,EXP,unnamed,Left,image,=,'stimuli-ha-sa\\incong-cong-SA\\cong-sa-49.png',cong-sa-49.png,cong,sad,3.046699999999987,True,kjy
196,685.2398,EXP,unnamed,Right,image,=,'stimuli-ha-sa\\incong-cong-HA\\incong-ha-28.png',incong-ha-28.png,incong,happy,1.5433000000000447,True,kjy
197,690.9123,EXP,unnamed,Right,image,=,'stimuli-ha-sa\\incong-cong-SA\\incong-sa-17.png',incong-sa-17.png,incong,sad,1.3507000000000744,True,kjy
198,696.35,EXP,unnamed,Left,image,=,'stimuli-ha-sa\\incong-cong-HA\\cong-ha-26.png',cong-ha-26.png,cong,happy,1.2890999999999622,True,kjy
199,702.7406,EXP,unnamed,Right,image,=,'stimuli-ha-sa\\incong-cong-SA\\incong-sa-48.png',incong-sa-48.png,incong,sad,2.010499999999979,True,kjy
200,708.8469,EXP,unnamed,Left,image,=,'stimuli-ha-sa\\incong-cong-SA\\cong-sa-45.png',cong-sa-45.png,cong,sad,2.264099999999985,True,kjy
201,714.8852,EXP,unnamed,Left,image,=,'stimuli-ha-sa\\incong-cong-SA\\cong-sa-37.png',cong-sa-37.png,cong,sad,1.66599999999994,True,kjy
202,719.7743,EXP,unnamed,Left,image,=,'stimuli-ha-sa\\incong-cong-HA\\incong-ha-36.png',incong-ha-36.png,incong,happy,2.6807999999999765,False,kjy
203,727.2985,EXP,unnamed,Left,image,=,'stimuli-ha-sa\\incong-cong-SA\\cong-sa-22.png',cong-sa-22.png,cong,sad,1.4846000000000004,True,kjy
204,732.0024,EXP,unnamed,Left,image,=,'stimuli-ha-sa\\incong-cong-HA\\cong-ha-29.png',cong-ha-29.png,cong,happy,1.5728000000000293,True,kjy
205,737.5921,EXP,unnamed,Left,image,=,'stimuli-ha-sa\\incong-cong-HA\\cong-ha-7.png',cong-ha-7.png,cong,happy,1.6630999999999858,True,kjy
206,744.6492,EXP,unnamed,Right,image,=,'stimuli-ha-sa\\incong-cong-SA\\incong-sa-47.png',incong-sa-47.png,incong,sad,1.366100000000074,True,kjy
207,750.672,EXP,unnamed,Left,image,=,'stimuli-ha-sa\\incong-cong-SA\\cong-sa-6.png',cong-sa-6.png,cong,sad,1.3432999999999993,True,kjy
208,755.943,EXP,unnamed,Right,image,=,'stimuli-ha-sa\\incong-cong-HA\\incong-ha-37.png',incong-ha-37.png,incong,happy,1.720199999999977,True,kjy
209,761.8331,EXP,unnamed,Left,image,=,'stimuli-ha-sa\\incong-cong-HA\\cong-ha-23.png',cong-ha-23.png,cong,happy,1.4463000000000648,True,kjy
210,767.2551,EXP,unnamed,Right,image,=,'stimuli-ha-sa\\incong-cong-HA\\incong-ha-25.png',incong-ha-25.png,incong,happy,1.4002000000000407,True,kjy
211,772.7105,EXP,unnamed,Right,image,=,'stimuli-ha-sa\\incong-cong-SA\\incong-sa-24.png',incong-sa-24.png,incong,sad,1.2724999999999227,True,kjy
212,778.9168,EXP,unnamed,Right,image,=,'stimuli-ha-sa\\incong-cong-HA\\incong-ha-34.png',incong-ha-34.png,incong,happy,1.370200000000068,True,kjy
213,785.0396,EXP,unnamed,Left,image,=,'stimuli-ha-sa\\incong-cong-HA\\cong-ha-45.png',cong-ha-45.png,cong,happy,1.7355000000000018,True,kjy
214,42.979,EXP,unnamed,Left,image,=,'stimuli-ha-sa\\incong-cong-SA\\cong-sa-30.png',cong-sa-30.png,cong,sad,4.402000000000001,True,lyj
215,51.2041,EXP,unnamed,Left,image,=,'stimuli-ha-sa\\incong-cong-SA\\cong-sa-13.png',cong-sa-13.png,cong,sad,2.2409000000000034,True,lyj
216,57.777,EXP,unnamed,Right,image,=,'stimuli-ha-sa\\incong-cong-HA\\incong-ha-44.png',incong-ha-44.png,incong,happy,1.4358999999999966,True,lyj
217,62.5654,EXP,unnamed,Right,image,=,'stimuli-ha-sa\\incong-cong-SA\\incong-sa-8.png',incong-sa-8.png,incong,sad,2.0634000000000015,True,lyj
218,68.0374,EXP,unnamed,Right,image,=,'stimuli-ha-sa\\incong-cong-SA\\incong-sa-2.png',incong-sa-2.png,incong,sad,1.6313999999999993,True,lyj
219,74.2436,EXP,unnamed,Right,image,=,'stimuli-ha-sa\\incong-cong-SA\\incong-sa-41.png',incong-sa-41.png,incong,sad,1.3853000000000009,True,lyj
220,80.6666,EXP,unnamed,Left,image,=,'stimuli-ha-sa\\incong-cong-HA\\cong-ha-34.png',cong-ha-34.png,cong,happy,1.490399999999994,True,lyj
221,85.4047,EXP,unnamed,Right,image,=,'stimuli-ha-sa\\incong-cong-SA\\incong-sa-36.png',incong-sa-36.png,incong,sad,1.3922999999999917,True,lyj
222,90.2087,EXP,unnamed,Left,image,=,'stimuli-ha-sa\\incong-cong-SA\\cong-sa-9.png',cong-sa-9.png,cong,sad,1.5241000000000042,True,lyj
223,96.6818,EXP,unnamed,Left,image,=,'stimuli-ha-sa\\incong-cong-SA\\cong-sa-25.png',cong-sa-25.png,cong,sad,2.26700000000001,True,lyj
224,102.1548,EXP,unnamed,Right,image,=,'stimuli-ha-sa\\incong-cong-HA\\incong-ha-18.png',incong-ha-18.png,incong,happy,1.7542000000000115,True,lyj
225,108.3943,EXP,unnamed,Left,image,=,'stimuli-ha-sa\\incong-cong-SA\\cong-sa-6.png',cong-sa-6.png,cong,sad,1.4185999999999979,True,lyj
226,113.0148,EXP,unnamed,Left,image,=,'stimuli-ha-sa\\incong-cong-SA\\cong-sa-11.png',cong-sa-11.png,cong,sad,1.4380000000000024,True,lyj
227,118.9716,EXP,unnamed,Right,image,=,'stimuli-ha-sa\\incong-cong-HA\\incong-ha-22.png',incong-ha-22.png,incong,happy,1.3452000000000055,True,lyj
228,123.8757,EXP,unnamed,Left,image,=,'stimuli-ha-sa\\incong-cong-HA\\cong-ha-7.png',cong-ha-7.png,cong,happy,1.849100000000007,True,lyj
229,129.7492,EXP,unnamed,Right,image,=,'stimuli-ha-sa\\incong-cong-SA\\incong-sa-53.png',incong-sa-53.png,incong,sad,1.3676000000000101,True,lyj
230,135.9886,EXP,unnamed,Left,image,=,'stimuli-ha-sa\\incong-cong-SA\\cong-sa-18.png',cong-sa-18.png,cong,sad,1.5844000000000165,True,lyj
231,140.8768,EXP,unnamed,Right,image,=,'stimuli-ha-sa\\incong-cong-HA\\cong-ha-22.png',cong-ha-22.png,cong,happy,1.744100000000003,False,lyj
232,147.6828,EXP,unnamed,Right,image,=,'stimuli-ha-sa\\incong-cong-SA\\incong-sa-5.png',incong-sa-5.png,incong,sad,1.3462000000000103,True,lyj
233,152.3889,EXP,unnamed,Right,image,=,'stimuli-ha-sa\\incong-cong-HA\\incong-ha-30.png',incong-ha-30.png,incong,happy,1.4161000000000001,True,lyj
234,158.1766,EXP,unnamed,Right,image,=,'stimuli-ha-sa\\incong-cong-SA\\incong-sa-40.png',incong-sa-40.png,incong,sad,1.4043000000000063,True,lyj
235,164.5674,EXP,unnamed,Right,image,=,'stimuli-ha-sa\\incong-cong-HA\\incong-ha-35.png',incong-ha-35.png,incong,happy,2.2775000000000034,True,lyj
236,170.3396,EXP,unnamed,Left,image,=,'stimuli-ha-sa\\incong-cong-HA\\cong-ha-49.png',cong-ha-49.png,cong,happy,1.2253000000000043,True,lyj
237,174.9108,EXP,unnamed,Right,image,=,'stimuli-ha-sa\\incong-cong-SA\\incong-sa-21.png',incong-sa-21.png,incong,sad,0.9660000000000082,True,lyj
238,179.766,EXP,unnamed,Right,image,=,'stimuli-ha-sa\\incong-cong-SA\\incong-sa-3.png',incong-sa-3.png,incong,sad,2.0948000000000206,True,lyj
239,186.9397,EXP,unnamed,Left,image,=,'stimuli-ha-sa\\incong-cong-HA\\cong-ha-33.png',cong-ha-33.png,cong,happy,1.401200000000017,True,lyj
240,192.1781,EXP,unnamed,Right,image,=,'stimuli-ha-sa\\incong-cong-SA\\incong-sa-47.png',incong-sa-47.png,incong,sad,1.3788000000000125,True,lyj
241,197.9007,EXP,unnamed,Right,image,=,'stimuli-ha-sa\\incong-cong-HA\\incong-ha-23.png',incong-ha-23.png,incong,happy,1.376499999999993,True,lyj
242,204.1068,EXP,unnamed,Right,image,=,'stimuli-ha-sa\\incong-cong-HA\\incong-ha-25.png',incong-ha-25.png,incong,happy,1.3062000000000182,True,lyj
243,208.6112,EXP,unnamed,Right,image,=,'stimuli-ha-sa\\incong-cong-SA\\incong-sa-37.png',incong-sa-37.png,incong,sad,1.3463000000000136,True,lyj
244,213.2325,EXP,unnamed,Right,image,=,'stimuli-ha-sa\\incong-cong-SA\\incong-sa-26.png',incong-sa-26.png,incong,sad,1.3164000000000158,True,lyj
245,217.8871,EXP,unnamed,Right,image,=,'stimuli-ha-sa\\incong-cong-HA\\incong-ha-20.png',incong-ha-20.png,incong,happy,1.3496999999999844,True,lyj
246,222.642,EXP,unnamed,Left,image,=,'stimuli-ha-sa\\incong-cong-SA\\cong-sa-49.png',cong-sa-49.png,cong,sad,1.4989999999999952,True,lyj
247,227.8471,EXP,unnamed,Right,image,=,'stimuli-ha-sa\\incong-cong-SA\\incong-sa-16.png',incong-sa-16.png,incong,sad,1.7658999999999878,True,lyj
248,233.9698,EXP,unnamed,Right,image,=,'stimuli-ha-sa\\incong-cong-HA\\incong-ha-50.png',incong-ha-50.png,incong,happy,1.4351000000000056,True,lyj
249,240.126,EXP,unnamed,Right,image,=,'stimuli-ha-sa\\incong-cong-HA\\incong-ha-13.png',incong-ha-13.png,incong,happy,1.4309000000000083,True,lyj
250,245.8652,EXP,unnamed,Left,image,=,'stimuli-ha-sa\\incong-cong-HA\\cong-ha-9.png',cong-ha-9.png,cong,happy,1.3556000000000097,True,lyj
251,250.8534,EXP,unnamed,Left,image,=,'stimuli-ha-sa\\incong-cong-HA\\cong-ha-43.png',cong-ha-43.png,cong,happy,1.3434000000000026,True,lyj
252,255.5906,EXP,unnamed,Right,image,=,'stimuli-ha-sa\\incong-cong-SA\\incong-sa-14.png',incong-sa-14.png,incong,sad,1.3982000000000312,True,lyj
253,261.6642,EXP,unnamed,Right,image,=,'stimuli-ha-sa\\incong-cong-SA\\incong-sa-48.png',incong-sa-48.png,incong,sad,1.244799999999998,True,lyj
254,267.6702,EXP,unnamed,Right,image,=,'stimuli-ha-sa\\incong-cong-HA\\incong-ha-29.png',incong-ha-29.png,incong,happy,1.278699999999958,True,lyj
255,273.2416,EXP,unnamed,Left,image,=,'stimuli-ha-sa\\incong-cong-HA\\cong-ha-13.png',cong-ha-13.png,cong,happy,1.5471999999999753,True,lyj
256,278.9981,EXP,unnamed,Left,image,=,'stimuli-ha-sa\\incong-cong-HA\\cong-ha-42.png',cong-ha-42.png,cong,happy,1.5746999999999503,True,lyj
257,285.3203,EXP,unnamed,Left,image,=,'stimuli-ha-sa\\incong-cong-HA\\cong-ha-32.png',cong-ha-32.png,cong,happy,1.0605000000000473,True,lyj
258,289.8924,EXP,unnamed,Right,image,=,'stimuli-ha-sa\\incong-cong-HA\\incong-ha-10.png',incong-ha-10.png,incong,happy,1.3684000000000083,True,lyj
259,294.5804,EXP,unnamed,Left,image,=,'stimuli-ha-sa\\incong-cong-SA\\cong-sa-36.png',cong-sa-36.png,cong,sad,1.5523999999999774,True,lyj
260,299.6021,EXP,unnamed,Left,image,=,'stimuli-ha-sa\\incong-cong-SA\\cong-sa-37.png',cong-sa-37.png,cong,sad,1.3947000000000003,True,lyj
261,304.4569,EXP,unnamed,Right,image,=,'stimuli-ha-sa\\incong-cong-HA\\cong-ha-52.png',cong-ha-52.png,cong,happy,1.6359999999999673,False,lyj
262,309.7121,EXP,unnamed,Right,image,=,'stimuli-ha-sa\\incong-cong-SA\\incong-sa-19.png',incong-sa-19.png,incong,sad,1.5247999999999706,True,lyj
263,315.2511,EXP,unnamed,Left,image,=,'stimuli-ha-sa\\incong-cong-SA\\cong-sa-22.png',cong-sa-22.png,cong,sad,1.3297000000000025,True,lyj
264,320.7732,EXP,unnamed,Left,image,=,'stimuli-ha-sa\\incong-cong-HA\\cong-ha-6.png',cong-ha-6.png,cong,happy,1.279700000000048,True,lyj
265,326.8793,EXP,unnamed,Right,image,=,'stimuli-ha-sa\\incong-cong-SA\\cong-sa-32.png',cong-sa-32.png,cong,sad,1.3093999999999824,False,lyj
266,331.4505,EXP,unnamed,Right,image,=,'stimuli-ha-sa\\incong-cong-SA\\incong-sa-30.png',incong-sa-30.png,incong,sad,1.5223000000000297,True,lyj
267,336.4723,EXP,unnamed,Left,image,=,'stimuli-ha-sa\\incong-cong-SA\\cong-sa-33.png',cong-sa-33.png,cong,sad,1.5884999999999536,True,lyj
268,341.7942,EXP,unnamed,Left,image,=,'stimuli-ha-sa\\incong-cong-HA\\cong-ha-39.png',cong-ha-39.png,cong,happy,1.3226999999999975,True,lyj
269,346.9328,EXP,unnamed,Left,image,=,'stimuli-ha-sa\\incong-cong-SA\\cong-sa-51.png',cong-sa-51.png,cong,sad,1.9360000000000355,True,lyj
270,353.9564,EXP,unnamed,Left,image,=,'stimuli-ha-sa\\incong-cong-SA\\cong-sa-19.png',cong-sa-19.png,cong,sad,1.2484000000000037,True,lyj
271,359.879,EXP,unnamed,Left,image,=,'stimuli-ha-sa\\incong-cong-SA\\cong-sa-35.png',cong-sa-35.png,cong,sad,1.2457999999999743,True,lyj
272,365.468,EXP,unnamed,Left,image,=,'stimuli-ha-sa\\incong-cong-SA\\cong-sa-7.png',cong-sa-7.png,cong,sad,1.3368999999999573,True,lyj
273,371.2737,EXP,unnamed,Left,image,=,'stimuli-ha-sa\\incong-cong-SA\\cong-sa-43.png',cong-sa-43.png,cong,sad,1.4993000000000052,True,lyj
274,376.4447,EXP,unnamed,Left,image,=,'stimuli-ha-sa\\incong-cong-SA\\cong-sa-16.png',cong-sa-16.png,cong,sad,1.9601999999999862,True,lyj
275,381.75,EXP,unnamed,Right,image,=,'stimuli-ha-sa\\incong-cong-SA\\incong-sa-34.png',incong-sa-34.png,incong,sad,1.3027999999999906,True,lyj
276,386.7726,EXP,unnamed,Right,image,=,'stimuli-ha-sa\\incong-cong-HA\\incong-ha-48.png',incong-ha-48.png,incong,happy,1.3123999999999683,True,lyj
277,391.9443,EXP,unnamed,Left,image,=,'stimuli-ha-sa\\incong-cong-SA\\cong-sa-27.png',cong-sa-27.png,cong,sad,1.2606000000000108,True,lyj
278,396.4489,EXP,unnamed,Left,image,=,'stimuli-ha-sa\\incong-cong-HA\\cong-ha-18.png',cong-ha-18.png,cong,happy,1.4039999999999964,True,lyj
279,402.6886,EXP,unnamed,Left,image,=,'stimuli-ha-sa\\incong-cong-HA\\cong-ha-50.png',cong-ha-50.png,cong,happy,1.2361999999999966,True,lyj
280,407.5266,EXP,unnamed,Right,image,=,'stimuli-ha-sa\\incong-cong-SA\\incong-sa-15.png',incong-sa-15.png,incong,sad,1.5504999999999995,True,lyj
281,412.5475,EXP,unnamed,Right,image,=,'stimuli-ha-sa\\incong-cong-SA\\incong-sa-25.png',incong-sa-25.png,incong,sad,2.8414999999999964,True,lyj
282,419.9391,EXP,unnamed,Right,image,=,'stimuli-ha-sa\\incong-cong-HA\\incong-ha-2.png',incong-ha-2.png,incong,happy,1.2819000000000074,True,lyj
283,426.162,EXP,unnamed,Right,image,=,'stimuli-ha-sa\\incong-cong-SA\\incong-sa-17.png',incong-sa-17.png,incong,sad,1.3468000000000302,True,lyj
284,431.1161,EXP,unnamed,Right,image,=,'stimuli-ha-sa\\incong-cong-HA\\incong-ha-24.png',incong-ha-24.png,incong,happy,1.3926999999999907,True,lyj
285,436.3554,EXP,unnamed,Left,image,=,'stimuli-ha-sa\\incong-cong-HA\\cong-ha-14.png',cong-ha-14.png,cong,happy,1.017500000000041,True,lyj
286,440.8758,EXP,unnamed,Right,image,=,'stimuli-ha-sa\\incong-cong-HA\\incong-ha-52.png',incong-ha-52.png,incong,happy,1.280999999999949,True,lyj
287,447.1664,EXP,unnamed,Right,image,=,'stimuli-ha-sa\\incong-cong-HA\\incong-ha-34.png',incong-ha-34.png,incong,happy,1.3023999999999774,True,lyj
288,452.4373,EXP,unnamed,Left,image,=,'stimuli-ha-sa\\incong-cong-SA\\incong-sa-38.png',incong-sa-38.png,incong,sad,2.071700000000021,False,lyj
289,458.1772,EXP,unnamed,Left,image,=,'stimuli-ha-sa\\incong-cong-SA\\cong-sa-24.png',cong-sa-24.png,cong,sad,1.4675999999999476,True,lyj
290,464.0334,EXP,unnamed,Left,image,=,'stimuli-ha-sa\\incong-cong-SA\\cong-sa-12.png',cong-sa-12.png,cong,sad,1.45150000000001,True,lyj
291,470.623,EXP,unnamed,Left,image,=,'stimuli-ha-sa\\incong-cong-SA\\cong-sa-17.png',cong-sa-17.png,cong,sad,1.8138999999999896,True,lyj
292,475.5614,EXP,unnamed,Right,image,=,'stimuli-ha-sa\\incong-cong-HA\\incong-ha-40.png',incong-ha-40.png,incong,happy,1.2275000000000205,True,lyj
293,481.7341,EXP,unnamed,Left,image,=,'stimuli-ha-sa\\incong-cong-SA\\cong-sa-39.png',cong-sa-39.png,cong,sad,1.3188000000000102,True,lyj
294,487.2397,EXP,unnamed,Left,image,=,'stimuli-ha-sa\\incong-cong-SA\\cong-sa-20.png',cong-sa-20.png,cong,sad,1.0693999999999733,True,lyj
295,493.1622,EXP,unnamed,Left,image,=,'stimuli-ha-sa\\incong-cong-HA\\cong-ha-27.png',cong-ha-27.png,cong,happy,1.338700000000017,True,lyj
296,497.7501,EXP,unnamed,Left,image,=,'stimuli-ha-sa\\incong-cong-HA\\cong-ha-36.png',cong-ha-36.png,cong,happy,1.4388000000000147,True,lyj
297,502.7552,EXP,unnamed,Left,image,=,'stimuli-ha-sa\\incong-cong-HA\\cong-ha-46.png',cong-ha-46.png,cong,happy,1.3775999999999726,True,lyj
298,508.0606,EXP,unnamed,Left,image,=,'stimuli-ha-sa\\incong-cong-HA\\cong-ha-12.png',cong-ha-12.png,cong,happy,1.2644999999999982,True,lyj
299,513.2314,EXP,unnamed,Right,image,=,'stimuli-ha-sa\\incong-cong-SA\\incong-sa-6.png',incong-sa-6.png,incong,sad,1.2773999999999432,True,lyj
300,519.2383,EXP,unnamed,Right,image,=,'stimuli-ha-sa\\incong-cong-HA\\incong-ha-14.png',incong-ha-14.png,incong,happy,1.3106000000000222,True,lyj
301,524.427,EXP,unnamed,Left,image,=,'stimuli-ha-sa\\incong-cong-HA\\cong-ha-20.png',cong-ha-20.png,cong,happy,1.401899999999955,True,lyj
302,530.0157,EXP,unnamed,Left,image,=,'stimuli-ha-sa\\incong-cong-SA\\cong-sa-48.png',cong-sa-48.png,cong,sad,1.2291999999999916,True,lyj
303,534.6204,EXP,unnamed,Right,image,=,'stimuli-ha-sa\\incong-cong-SA\\incong-sa-52.png',incong-sa-52.png,incong,sad,1.3844000000000278,True,lyj
304,541.1269,EXP,unnamed,Left,image,=,'stimuli-ha-sa\\incong-cong-SA\\cong-sa-53.png',cong-sa-53.png,cong,sad,1.6779999999999973,True,lyj
305,546.3988,EXP,unnamed,Left,image,=,'stimuli-ha-sa\\incong-cong-SA\\cong-sa-3.png',cong-sa-3.png,cong,sad,1.669999999999959,True,lyj
306,551.8542,EXP,unnamed,Left,image,=,'stimuli-ha-sa\\incong-cong-HA\\cong-ha-45.png',cong-ha-45.png,cong,happy,1.2708000000000084,True,lyj
307,557.3263,EXP,unnamed,Right,image,=,'stimuli-ha-sa\\incong-cong-SA\\incong-sa-43.png',incong-sa-43.png,incong,sad,1.910600000000045,True,lyj
308,564.2666,EXP,unnamed,Left,image,=,'stimuli-ha-sa\\incong-cong-SA\\cong-sa-1.png',cong-sa-1.png,cong,sad,2.2502999999999247,True,lyj
309,571.0235,EXP,unnamed,Left,image,=,'stimuli-ha-sa\\incong-cong-HA\\cong-ha-10.png',cong-ha-10.png,cong,happy,1.9174000000000433,True,lyj
310,577.9136,EXP,unnamed,Left,image,=,'stimuli-ha-sa\\incong-cong-SA\\cong-sa-50.png',cong-sa-50.png,cong,sad,1.6114000000000033,True,lyj
311,583.8862,EXP,unnamed,Right,image,=,'stimuli-ha-sa\\incong-cong-HA\\incong-ha-42.png',incong-ha-42.png,incong,happy,1.3186999999999216,True,lyj
312,589.7254,EXP,unnamed,Right,image,=,'stimuli-ha-sa\\incong-cong-HA\\incong-ha-3.png',incong-ha-3.png,incong,happy,1.1014999999999873,True,lyj
313,595.6146,EXP,unnamed,Right,image,=,'stimuli-ha-sa\\incong-cong-SA\\incong-sa-28.png',incong-sa-28.png,incong,sad,1.2942000000000462,True,lyj
314,601.7708,EXP,unnamed,Right,image,=,'stimuli-ha-sa\\incong-cong-HA\\incong-ha-7.png',incong-ha-7.png,incong,happy,1.5783999999999878,True,lyj
315,607.3263,EXP,unnamed,Right,image,=,'stimuli-ha-sa\\incong-cong-HA\\incong-ha-6.png',incong-ha-6.png,incong,happy,1.4866000000000668,True,lyj
316,612.5983,EXP,unnamed,Left,image,=,'stimuli-ha-sa\\incong-cong-SA\\cong-sa-10.png',cong-sa-10.png,cong,sad,1.383100000000013,True,lyj
317,617.3196,EXP,unnamed,Left,image,=,'stimuli-ha-sa\\incong-cong-HA\\cong-ha-28.png',cong-ha-28.png,cong,happy,1.373199999999997,True,lyj
318,623.6593,EXP,unnamed,Right,image,=,'stimuli-ha-sa\\incong-cong-HA\\incong-ha-28.png',incong-ha-28.png,incong,happy,0.9216999999999871,True,lyj
319,630.1825,EXP,unnamed,Left,image,=,'stimuli-ha-sa\\incong-cong-HA\\cong-ha-4.png',cong-ha-4.png,cong,happy,1.3582999999999856,True,lyj
320,636.0049,EXP,unnamed,Left,image,=,'stimuli-ha-sa\\incong-cong-HA\\cong-ha-26.png',cong-ha-26.png,cong,happy,1.3358999999999241,True,lyj
